Gene-type	Gene-name	Gene	baseMean	log2FoldChange	lfcSE	stat	pvalue	padj
snoRNA	SNORA20	ENSG00000207392	82.8715487369214	2.84644659819415	0.59698633375745	4.7680263973189	1.86039412272658e-06	0.07346510351235
snoRNA	SNORA2A	ENSG00000206612	160.240327101347	2.66676657898834	0.591963688740577	4.5049495935502	6.63886992891354e-06	0.131081167311433
scaRNA	SCARNA3	ENSG00000252906	191.623185674292	2.49464241661085	0.576891652480094	4.32428239494579	1.53029169575702e-05	0.201432295912497
snoRNA	SNORA45B	ENSG00000212607	649.469197771876	2.26633895619064	0.552690666223491	4.10055587092944	4.12158909065038e-05	0.406893579001732
misc_RNA	RNY3	ENSG00000202354	9954.77966928623	1.71844322414897	0.444514552033268	3.86588744122906	0.000110685980930111	0.747025202973884
snoRNA	SNORA79	ENSG00000222489	425.611910140645	1.97926866061026	0.514061664582414	3.85025532339212	0.000117994754824912	0.747025202973884
protein_coding	AGPAT9	ENSG00000138678	33.8390132030734	-1.7862564153677	0.467972296022122	-3.81701316627354	0.000135076964583399	0.747025202973884
protein_coding	RBM6	ENSG00000004534	146.87114852991	-0.645775305986284	0.172161052748656	-3.75099533649503	0.000176133976117702	0.747025202973884
snRNA	RNU5B-1	ENSG00000200156	2683.18106065725	2.24874432258884	0.602441528131464	3.73271797773231	0.000189424646766939	0.747025202973884
Mt_tRNA	MT-TL2	ENSG00000210191	292.540972450658	2.15773103602216	0.583100640463514	3.70044360491004	0.000215222906855494	0.747025202973884
snRNA	RNU5A-1	ENSG00000199568	1587.05394716824	2.18590197163923	0.595460398701545	3.67094432544261	0.000241655979847235	0.747025202973884
snoRNA	SNORD89	ENSG00000212283	290.208283712064	1.68746366866029	0.460454463773715	3.66477860770521	0.000247552629500869	0.747025202973884
snoRNA	SNORA71D	ENSG00000200354	315.419446121311	2.14309625165751	0.589138729077865	3.63767674043758	0.000275108404921886	0.747025202973884
snoRNA	SNORD116-5	ENSG00000207191	475.25911372698	1.77464449503987	0.489693540916268	3.62398999937659	0.000290092826402413	0.747025202973884
snoRNA	SNORD116-7	ENSG00000207133	475.682963454217	1.77401364604867	0.489706270809699	3.62260757477221	0.000291648108214913	0.747025202973884
snoRNA	SNORA37	ENSG00000207233	95.2567636575906	2.02177149381727	0.559582753212745	3.61299822449787	0.000302676777015932	0.747025202973884
ENSG00000207142	Y_RNA	ENSG00000207142	1356.9119879965	1.73411020181035	0.483152048335774	3.58916040568082	0.00033174467747422	0.752724946080667
snoRNA	SNORA54	ENSG00000207008	714.939634386187	2.08342847384055	0.585560710502718	3.55800591889417	0.000373680895287793	0.752724946080667
ENSG00000207274	SNORA70	ENSG00000207274	28.9279632879209	1.97859532790182	0.556923628232642	3.55272290059007	0.000381265852740208	0.752724946080667
Mt_tRNA	MT-TK	ENSG00000210156	25.833395184927	1.82328524172049	0.518000893305177	3.51984960892011	0.000431791556040146	0.752724946080667
snoRNA	SNORA13	ENSG00000238363	22.326834317094	2.06151366333176	0.587172320212169	3.51091765120476	0.000446562710383855	0.752724946080667
processed_pseudogene	XRCC6P2	ENSG00000234825	23.8337644686876	-1.11146085420879	0.31843925462206	-3.49033870063515	0.000482408726250798	0.752724946080667
snoRNA	SNORD116-9	ENSG00000206727	506.612110351608	1.69661316871056	0.48634654314781	3.48848612705145	0.00048576402840177	0.752724946080667
snoRNA	SNORD116-3	ENSG00000207014	506.669983466099	1.69609034411434	0.486439357148784	3.48674571493516	0.000488936004798812	0.752724946080667
antisense	RP11-298I3.1	ENSG00000257285	10.8092572870498	1.5424363939673	0.444536204455092	3.46976551855434	0.000520912909997311	0.752724946080667
ENSG00000200521	Y_RNA	ENSG00000200521	86.6809176809032	1.96360731610854	0.566168925812629	3.46823576248052	0.000523887453474212	0.752724946080667
snoRNA	SNORA80E	ENSG00000207475	73.209818606286	2.07341847783571	0.597885509158271	3.46791893443739	0.000524505487121248	0.752724946080667
protein_coding	HDGFRP2	ENSG00000167674	54.7090871222297	-1.02823217557274	0.296899500164097	-3.46323309740985	0.000533725809472477	0.752724946080667
lincRNA	RP4-561L24.3	ENSG00000260464	166.066362286425	1.97163905303419	0.571327892290858	3.45097636512808	0.000558562481570199	0.760588752921572
protein_coding	MT-ND1	ENSG00000198888	336.961774488132	1.63072953701525	0.477197115772353	3.41730803292028	0.000632436782042972	0.823556219120987
ENSG00000200314	Y_RNA	ENSG00000200314	1321.26383360577	1.72449897511339	0.506518981219587	3.40460878871937	0.000662589022331801	0.823556219120987
snoRNA	SNORD116-8	ENSG00000207093	170.683278416518	1.6486816036881	0.48452949520143	3.40264446234115	0.000667370635160971	0.823556219120987
protein_coding	MT-ATP8	ENSG00000228253	73.97267220683	1.74271692505437	0.517937444621106	3.36472472332878	0.000766200608394482	0.858996209150866
snoRNA	SNORD70	ENSG00000212534	41.0456403557376	1.80993613585301	0.537934322324159	3.36460430342711	0.000766535050940579	0.858996209150866
ENSG00000208308	SNORA40	ENSG00000208308	29.3547307847802	1.96845109790441	0.586249497797963	3.35770197722675	0.000785933005710034	0.858996209150866
ENSG00000200494	Y_RNA	ENSG00000200494	751.469033721639	1.54134925273593	0.459284036293913	3.35598264022736	0.000790835326871267	0.858996209150866
snoRNA	SNORA71A	ENSG00000225091	120.464750173705	1.60690870502862	0.479513892081427	3.35112023147756	0.000804853496887287	0.858996209150866
snoRNA	SNORD116-11	ENSG00000206609	43.7066523360855	1.77834551497106	0.533887825909546	3.33093475570719	0.000865548866694499	0.865345590431799
protein_coding	PLA2G7	ENSG00000146070	54.2641811630689	-1.80051217817287	0.540820839119401	-3.32922115409713	0.000870892217395122	0.865345590431799
transcribed_processed_pseudogene	PTMAP5	ENSG00000214182	575.049237395916	-1.30596057487838	0.392484511181471	-3.32741939534665	0.000876543432785635	0.865345590431799
snoRNA	SNORD116-2	ENSG00000207001	113.416772256001	1.6208259674162	0.488271232012194	3.31951968731945	0.000901724463223876	0.868492617762138
unprocessed_pseudogene	MTND1P23	ENSG00000225972	148.788742251681	1.6166321403893	0.48833395745936	3.31050527143371	0.000931276980868933	0.875599921369841
snoRNA	SNORD14A	ENSG00000272034	1964.03619106435	1.56463748076942	0.474174469446125	3.29970840184003	0.00096785336412269	0.878240985935056
snoRNA	SNORD12C	ENSG00000209042	461.544236078418	1.51297824809299	0.45894866128616	3.29661763007003	0.000978566268610054	0.878240985935056
protein_coding	MAS1	ENSG00000130368	7.36644389827453	2.00521664120418	0.61179801905208	3.27757949316518	0.00104701244509261	0.918788320983603
snoRNA	SNORD12B	ENSG00000222365	422.774334171538	1.4820100198261	0.453514418870769	3.26783440208194	0.00108373755252292	0.925455057714187
snRNA	RNU5F-1	ENSG00000199377	3457.99265711196	1.92688697715144	0.590483654937415	3.26323508032694	0.00110148111404611	0.925455057714187
snoRNA	SNORA46	ENSG00000207493	172.627425212682	1.81888696727264	0.563239855730829	3.22932929686333	0.00124080931726541	0.941643146769841
snoRNA	SNORD66	ENSG00000212158	110.348044681799	1.65919902330399	0.513827943009728	3.22909457509316	0.00124182819795466	0.941643146769841
ENSG00000199291	Y_RNA	ENSG00000199291	10.1082504728811	1.659623223978	0.516008684195538	3.21626994817998	0.00129868609182777	0.941643146769841
snoRNA	SNORD111	ENSG00000221066	71.5060362689066	1.53003756643613	0.47661436180236	3.21022127963194	0.00132632826519396	0.941643146769841
snoRNA	SNORD115-23	ENSG00000201331	6.14641430248972	1.88625907636605	0.587828456278357	3.20885975529031	0.00133262476812929	0.941643146769841
protein_coding	MT-ATP6	ENSG00000198899	313.129748719734	1.66815770152707	0.520018864351984	3.20787920570117	0.00133717648673734	0.941643146769841
processed_transcript	SNHG1	ENSG00000255717	1539.3124415025	1.64142025264666	0.512460883321808	3.20301569557241	0.00135996568843274	0.941643146769841
snRNA	RNU5E-1	ENSG00000199347	3664.70999659711	1.77543195504572	0.555544233193334	3.19584265116088	0.00139423123508349	0.941643146769841
snoRNA	SNORD116-26	ENSG00000251815	110.590541427103	1.5579569373668	0.488759762705011	3.18757200622324	0.00143472729832987	0.941643146769841
protein_coding	MT-ND2	ENSG00000198763	247.232398776175	1.48600243604773	0.467338960000718	3.17971015308771	0.0014742242911576	0.941643146769841
misc_RNA	RNY3P1	ENSG00000201955	564.561600900246	1.45602876848629	0.458279780708707	3.17716126649667	0.00148724311427844	0.941643146769841
protein_coding	PTMA	ENSG00000187514	4123.22186025873	-1.18881353465899	0.374751643703462	-3.17227036794451	0.00151252122303799	0.941643146769841
snoRNA	SNORD116-13	ENSG00000207137	13.2243786968422	1.76517304904863	0.55664100257592	3.17111574763643	0.00151854622349659	0.941643146769841
snoRNA	SCARNA18	ENSG00000238835	8.13069675624384	1.78135110303464	0.561832803416836	3.17060714896175	0.00152120718315074	0.941643146769841
ENSG00000201229	SNORA63	ENSG00000201229	8.04186970825228	1.95784535337385	0.617689803771937	3.16962550040202	0.00152635526205532	0.941643146769841
snoRNA	SNORA58	ENSG00000249020	40.7808536298364	1.87237204964824	0.591652430660299	3.16464862243298	0.00155270339573119	0.941643146769841
snoRNA	SNORA15	ENSG00000207168	20.1949856665301	1.82032470566254	0.576133597035927	3.15955312279596	0.00158011291641891	0.941643146769841
unprocessed_pseudogene	MTND2P28	ENSG00000225630	179.859286477995	1.46673494548121	0.464314036427914	3.15892872152903	0.00158350213846049	0.941643146769841
ENSG00000199222	Y_RNA	ENSG00000199222	4.12169274300168	1.94311873833507	0.615273033068323	3.15814058783768	0.00158778964797575	0.941643146769841
snoRNA	SNORD83A	ENSG00000209482	315.766864935734	1.40175422974663	0.444187753089157	3.15576964920344	0.00160075225903474	0.941643146769841
snoRNA	SNORD59A	ENSG00000207031	715.651803799221	1.5987081682733	0.507202785493622	3.15200983511436	0.00162150811568663	0.941643146769841
ENSG00000206785	SNORA15	ENSG00000206785	21.0661375557178	1.8197306254756	0.580997907942449	3.13207775897165	0.00173573897466966	0.993370961894639
ENSG00000207062	SNORA15	ENSG00000207062	21.0301552874914	1.8157460883236	0.581844032701822	3.12067493395454	0.00180437091747496	1
processed_pseudogene	RP11-673C5.1	ENSG00000259781	527.234415707898	-1.35185074237222	0.434045588877667	-3.11453629990289	0.00184234285784909	1
processed_pseudogene	RP11-529H20.3	ENSG00000259020	15.3323599252878	-1.49417146697272	0.481927305596575	-3.10040840106184	0.00193253977017543	1
protein_coding	GRB2	ENSG00000177885	400.025631282785	-0.727051999056268	0.234965490317348	-3.09429268985118	0.00197282754973351	1
snoRNA	SNORA5C	ENSG00000201772	49.9288985905353	1.49744160804899	0.484110370250365	3.0931822577454	0.00198022479605599	1
protein_coding	STARD4	ENSG00000164211	195.457221064469	1.77112516552431	0.573472566725125	3.08842178038001	0.00201222657176387	1
protein_coding	MT-ND4L	ENSG00000212907	214.932022254232	1.42234272884464	0.460578467152952	3.08816592672427	0.00201395988515449	1
snoRNA	SNORD116-6	ENSG00000207442	52.4837300148415	1.47355831747458	0.478230624721067	3.08127133918712	0.00206118722500304	1
protein_coding	CAMK4	ENSG00000152495	23.8381418861628	1.69816974871423	0.553260689471956	3.06938443491259	0.00214500375353424	1
protein_coding	DPP7	ENSG00000176978	252.655193399417	-0.573727068982604	0.186986626131572	-3.06827862961121	0.00215295775171117	1
snoRNA	SNORA26	ENSG00000212588	263.21317466726	1.58529203717761	0.517556096908215	3.06303422304915	0.0021910500067014	1
ENSG00000200506	Y_RNA	ENSG00000200506	85.2231697099959	1.62923017118783	0.532591600636528	3.05906095635127	0.00222031967771581	1
ENSG00000207061	Y_RNA	ENSG00000207061	10.5497043762215	1.58109535096551	0.518702331682707	3.04817475147321	0.00230235996319379	1
lincRNA	CTC-338M12.2	ENSG00000248473	29.937697199333	1.59055177870499	0.522128276390197	3.04628546398881	0.00231687752766953	1
processed_pseudogene	RP11-543B16.1	ENSG00000234004	86.5224535152681	1.44035440976906	0.477323967013336	3.01756146623331	0.00254817358504399	1
snoRNA	SNORD93	ENSG00000221740	136.976841636373	1.44202682740571	0.478431667528717	3.0140706087754	0.00257767806889132	1
Mt_tRNA	MT-TV	ENSG00000210077	453.63240141679	1.53923320630849	0.5117920283896	3.0075365010116	0.0026337449372399	1
protein_coding	GPX4	ENSG00000167468	548.719484481199	-0.855228348615383	0.284639596745211	-3.00460075967899	0.00265929660303563	1
protein_coding	CTSB	ENSG00000164733	693.954199191926	-1.09710473312607	0.367062606005129	-2.9888763256662	0.00280005444826611	1
processed_pseudogene	AC008155.1	ENSG00000213237	8.65534190906298	-1.38930328326779	0.465390568942442	-2.98524159272255	0.0028335443286409	1
snoRNA	SNORA28	ENSG00000272533	20.9618496380936	1.62194677373072	0.546065095394246	2.97024436722094	0.00297562943801187	1
processed_pseudogene	TAGLN2P1	ENSG00000253676	23.2144060126926	-1.53211827441092	0.516402487283964	-2.96690723251382	0.00300811705426521	1
protein_coding	HLA-A	ENSG00000206503	897.709633455291	-0.969915043005744	0.327224625652345	-2.9640649479609	0.0030360420117657	1
protein_coding	COL6A2	ENSG00000142173	310.450483287167	-1.57860788528688	0.533084249663955	-2.96127279371318	0.0030637044774072	1
protein_coding	RAB35	ENSG00000111737	143.876359083324	-0.89656869529841	0.303397761425813	-2.95509331079109	0.00312574497579568	1
protein_coding	THBS1	ENSG00000137801	127.840925153507	-1.82278120656337	0.617058109937815	-2.95398630567722	0.00313697925621069	1
Mt_tRNA	MT-TP	ENSG00000210196	450.542089535211	1.21885103671579	0.412864929023107	2.95217866918305	0.00315540294141794	1
snRNA	RNU5D-2P	ENSG00000252521	2.90098323747893	1.78426804896965	0.604452018733126	2.95187706165546	0.00315848655149067	1
ENSG00000201442	Y_RNA	ENSG00000201442	7.56105105588728	1.63980381301935	0.555888829190287	2.94987725406878	0.00317900199982392	1
protein_coding	MT-ND5	ENSG00000198786	429.119955975114	1.34349983688538	0.456686066427284	2.94184547252725	0.00326262690146823	1
snoRNA	SNORD8	ENSG00000200785	278.360219295614	1.52479088558653	0.519214472240209	2.93672647260321	0.00331696525725678	1
protein_coding	SEMA6B	ENSG00000167680	18.3914358050633	-1.81841587301541	0.619322512555186	-2.93613720824234	0.0033232729357133	1
protein_coding	CTC1	ENSG00000178971	38.3901692300804	1.0467436602616	0.357031764614714	2.93179420993866	0.00337009981948156	1
snoRNA	SNORD20	ENSG00000207280	228.524440712265	1.70463337166556	0.582792332294719	2.92494131649543	0.00344521185715959	1
transcribed_processed_pseudogene	HMGB1P5	ENSG00000132967	680.791548260344	-1.12946835626766	0.386224609572569	-2.92438215554836	0.00345140735554839	1
Mt_tRNA	MT-TN	ENSG00000210135	506.994072422238	1.45271205154565	0.497496799947325	2.92004300670771	0.00349983083775159	1
snoRNA	SNORD116-1	ENSG00000207063	70.7656645502347	1.41008686066911	0.483654543522752	2.91548353996344	0.0035513783963461	1
snoRNA	SNORD117	ENSG00000201785	147.232001537398	1.35219368491268	0.463931581078223	2.91464030487006	0.00356098702641274	1
ENSG00000207344	SNORA22	ENSG00000207344	7.06279059847227	1.75580049867733	0.602525296623256	2.91406934865208	0.00356750647142624	1
protein_coding	LILRB5	ENSG00000105609	2.78429421530415	-1.76702937179809	0.607975910711841	-2.90641346254851	0.00365598009120869	1
scaRNA	SCARNA22	ENSG00000249784	936.501717066534	1.26497554671025	0.436048527250112	2.90099717728132	0.00371977229103464	1
protein_coding	HECW2	ENSG00000138411	16.5444154119682	1.75986164817596	0.607824338328033	2.89534580503454	0.00378741050834823	1
snoRNA	SNORD116-17	ENSG00000206656	105.083226441044	1.56266882049685	0.540971191456029	2.88863592956015	0.00386916759919893	1
scaRNA	SCARNA8	ENSG00000251733	26.466238355809	1.44953536460888	0.502437807333534	2.88500455867691	0.00391407994080498	1
processed_pseudogene	HMGB1P8	ENSG00000259699	14.1164340603211	-1.3713844831955	0.475476708724577	-2.88423062167253	0.00392371289539615	1
processed_transcript	SNHG5	ENSG00000203875	7045.88780131071	1.51294242109472	0.525265794510412	2.8803368445206	0.00397250499763674	1
processed_transcript	GAS5	ENSG00000234741	55287.2598541367	1.50070156340448	0.521348291817296	2.87850096942563	0.00399570052764754	1
snoRNA	SNORD116-19	ENSG00000207460	112.575023613324	1.53252753771579	0.532764080740319	2.87655942492635	0.00402036487667939	1
snRNA	RNU4ATAC	ENSG00000264229	1993.74395417413	1.32613593073339	0.461444425368774	2.87388005537954	0.00405462915441686	1
snoRNA	SNORD100	ENSG00000221500	439.345979897619	1.24293674974831	0.433646837613338	2.86624193223468	0.004153766713987	1
misc_RNA	RN7SKP107	ENSG00000201027	3.59192801038446	1.69544609729369	0.592098642534141	2.86345209311289	0.00419052177726334	1
snoRNA	SNORD46	ENSG00000200913	2683.76665797498	1.50924737881717	0.529346763328541	2.85115066979346	0.00435613224942515	1
ENSG00000238723	Y_RNA	ENSG00000238723	42.2460008352885	1.56239797221009	0.548217867414886	2.84995813722299	0.00437249837035323	1
lincRNA	AC084082.3	ENSG00000253190	661.185374686201	1.22734243413322	0.430806228168709	2.84894310685912	0.0043864723686106	1
snoRNA	SNORD53	ENSG00000265145	13.407982944837	1.51993205218932	0.535145464492888	2.84022224430068	0.00450821134927877	1
processed_pseudogene	RPL14P3	ENSG00000241923	38.9105277691823	-1.50602003756325	0.530453793950835	-2.83911634667814	0.00452386588606884	1
snoRNA	SNORA66	ENSG00000207523	262.453519834285	1.64979736299012	0.582307746657425	2.83320524664204	0.00460837860934926	1
snoRNA	SNORD116-29	ENSG00000207245	277.727943301733	1.42796436069836	0.504493415135893	2.83049157403515	0.00464765353509327	1
protein_coding	CNOT6	ENSG00000113300	81.8455135413729	0.860497328686861	0.304586466611953	2.82513316582495	0.00472609697482664	1
protein_coding	ZBED1	ENSG00000214717	124.628957399932	-0.97344984086924	0.345529858603513	-2.81726692102245	0.00484342548988635	1
snoRNA	SNORA12	ENSG00000212464	1001.36179059705	1.06523609989398	0.378334800802291	2.81559110511392	0.00486875901700325	1
lincRNA	CASC15	ENSG00000272168	2.30157536567623	1.73880771008666	0.619267724631114	2.80784488021305	0.00498742441745286	1
snoRNA	SNORD116-25	ENSG00000252326	27.6736619496743	1.56382360729279	0.557076551678301	2.80719696885729	0.00499746741657708	1
snoRNA	SNORD1B	ENSG00000199961	30.9626940348165	1.50446527503391	0.536424528681301	2.80461685585549	0.00503764230882202	1
protein_coding	DDX54	ENSG00000123064	111.938043306074	-0.63340184894337	0.226142108419854	-2.80090184605249	0.00509600163606262	1
snoRNA	SNORD105B	ENSG00000238531	88.6170117522713	1.42910760210835	0.510451523892775	2.79969308585814	0.00511512147713508	1
snoRNA	SNORA7B	ENSG00000207088	1898.73943541863	1.5749602739087	0.56273603322263	2.79875497733698	0.00513000488378885	1
snoRNA	SNORD92	ENSG00000264994	147.425191518872	1.22097957158215	0.436358585667543	2.79811057163981	0.00514025126162395	1
snoRNA	SNORD116-15	ENSG00000207174	108.885396379878	1.50791275670516	0.5389233889742	2.79800948994875	0.00514186018894152	1
protein_coding	MT-ND4	ENSG00000198886	591.058794810403	1.35690471345496	0.486200807180015	2.79083188142994	0.00525727714887856	1
snoRNA	SNORA2B	ENSG00000207313	14.9496824411445	1.60156142154482	0.574017939843406	2.79008949089942	0.00526934745997177	1
processed_pseudogene	RPL3P7	ENSG00000225093	30.2236413948168	-1.3148703895722	0.473649246351768	-2.77604239782887	0.00550250324476154	1
snoRNA	SNORA49	ENSG00000208892	153.35727809877	1.38877643191458	0.500531866628972	2.77460142801265	0.00552693967390131	1
protein_coding	NDUFS7	ENSG00000115286	472.479568069236	1.39661200126902	0.503820296354471	2.77204394379223	0.00557055159090391	1
snoRNA	SNORA65	ENSG00000201302	375.573900506692	1.5713629741263	0.569246177689777	2.76042780032973	0.00577257158719535	1
snoRNA	SNORA22	ENSG00000206634	8.70066752753895	1.66062671355037	0.604160415483157	2.74865196559153	0.00598408883234371	1
ENSG00000200291	Y_RNA	ENSG00000200291	787.012867343976	1.2177202961659	0.443504281772077	2.74567878195075	0.00603858557073998	1
protein_coding	MRPL9	ENSG00000143436	35.0508151357543	-0.872258254026152	0.31794640760167	-2.7434128305011	0.00608041893543002	1
protein_coding	SMG5	ENSG00000198952	283.246762408813	-0.608323731057503	0.222093611086285	-2.73904201062841	0.00616184991878793	1
ENSG00000202536	Y_RNA	ENSG00000202536	24.6004936514616	1.58964891781678	0.580725874076087	2.73734818574402	0.0061936700046759	1
protein_coding	PSMD7	ENSG00000103035	117.869499759223	-0.80876048619242	0.295596075635817	-2.7360325554147	0.00621848735927894	1
ENSG00000222345	SNORD19	ENSG00000222345	182.76644741317	1.29564264165474	0.475335527077589	2.72574332834005	0.00641568675335507	1
unprocessed_pseudogene	MTATP6P1	ENSG00000248527	85.9526834947455	1.33220878756798	0.488759691427815	2.72569283214865	0.00641666826346693	1
snoRNA	SNORD116-14	ENSG00000206621	51.2669729326638	1.41341504598665	0.51897257764326	2.72348695648852	0.00645967663301384	1
misc_RNA	RN7SKP90	ENSG00000199883	262.912622820951	1.30432891228314	0.48010252502007	2.71677161503913	0.00659220794865291	1
ENSG00000202189	SNORA30	ENSG00000202189	5.70770721177483	1.60389439335564	0.590665435364956	2.71540248899893	0.00661952667999779	1
protein_coding	BRD7	ENSG00000166164	142.440990205774	-0.792836682468751	0.292070287179861	-2.71454070225401	0.00663677442320494	1
protein_coding	MT-CO2	ENSG00000198712	570.001149243187	1.19799914808748	0.441364367381638	2.71430871321698	0.00664142433397902	1
miRNA	MIR6892	ENSG00000278449	3.3643616801262	1.65066787323376	0.608180446054013	2.71410875496508	0.00664543458058071	1
protein_coding	C2orf76	ENSG00000186132	10.040426698979	1.17515991144248	0.433095615852753	2.71339599946914	0.00665974690821617	1
snoRNA	SNORA14B	ENSG00000207181	232.000899647674	1.59566519681937	0.588980310052953	2.70919955995797	0.0067445758849914	1
protein_coding	TNFRSF25	ENSG00000215788	1.86160861583475	-1.64717587376404	0.60827651465224	-2.70793929090908	0.00677024055680206	1
snoRNA	SNORD116-18	ENSG00000206688	49.124770979476	1.40590623476228	0.520029514773785	2.70351238693414	0.00686108906668965	1
processed_pseudogene	RPL34P18	ENSG00000240509	18.9436858722422	1.44241896934621	0.536377868109191	2.68918435138076	0.00716268508754534	1
ENSG00000238426	Y_RNA	ENSG00000238426	5.15776829255828	1.51779540733086	0.566840040447142	2.67764324858487	0.00741421410174024	1
protein_coding	CCL19	ENSG00000172724	14.3902477122128	1.64081355921581	0.613462616750391	2.67467570869674	0.00748015670386029	1
processed_pseudogene	OSTCP4	ENSG00000220924	12.2646859288336	-1.18737016794455	0.444433831954717	-2.67164667172667	0.00754800780659923	1
protein_coding	RGL1	ENSG00000143344	92.576832280895	-1.61716433452766	0.605484765687511	-2.67085883274274	0.00756574576537238	1
antisense	RP11-217B1.2	ENSG00000261441	19.9177734546627	1.30216083144891	0.487713598295473	2.66992931097241	0.00758672172174203	1
protein_coding	UBN1	ENSG00000118900	120.594252790032	-0.661825258939217	0.248503850597736	-2.66323945221494	0.00773923199365201	1
protein_coding	OS9	ENSG00000135506	378.027485707497	-0.847849645903094	0.319404925215625	-2.65446641228442	0.00794339471051954	1
snoRNA	SNORD109B	ENSG00000239169	30.377653371892	1.41990523760616	0.536043202569477	2.64886343264866	0.00807629603333942	1
processed_pseudogene	MTND4P12	ENSG00000247627	14.8249906903042	1.42078976505435	0.536484332659994	2.64833412377543	0.00808895344716167	1
unprocessed_pseudogene	IKBKGP1	ENSG00000275882	30.0019737683965	-0.9536195723047	0.36032355145675	-2.64656464571721	0.00813139615894653	1
miRNA	MIR3609	ENSG00000266019	1569.13621922661	1.20371992011616	0.454849777351669	2.64641202448143	0.00813506625439025	1
protein_coding	ARHGAP6	ENSG00000047648	7.78294709370103	-1.45304824273203	0.551203830909644	-2.63613596504597	0.0083856123521727	1
protein_coding	THBD	ENSG00000178726	198.113645602867	-1.34525400991369	0.510539765401779	-2.6349642105841	0.00841461549795932	1
snoRNA	SNORD11B	ENSG00000271852	71.0461595499396	1.21515655156071	0.46131152730172	2.63413437480815	0.00843520974261067	1
processed_pseudogene	RP11-134K13.2	ENSG00000232389	9.97441752444503	-1.4180430984782	0.538764236780344	-2.63202900577148	0.00848766162347604	1
ENSG00000201882	snoU2-30	ENSG00000201882	57.0746982459061	1.4521500476305	0.551750093608795	2.63189814456128	0.00849093142673781	1
ENSG00000206865	Y_RNA	ENSG00000206865	3.12911765557674	1.59952202313873	0.609759251193616	2.62320255085533	0.00871074692254275	1
protein_coding	CTTNBP2	ENSG00000077063	14.0000127853954	-1.58348541849228	0.604055249115075	-2.62142481306477	0.00875630745514803	1
antisense	RP11-386I14.4	ENSG00000273338	18.0012253255948	1.38733715068497	0.529501001524183	2.62008409179866	0.00879080869093605	1
snoRNA	SNORD11	ENSG00000238317	46.7656592629735	1.28873850752165	0.491994499585269	2.61941649471284	0.00880803344920968	1
protein_coding	COL6A1	ENSG00000142156	314.768499222488	-1.42994559720153	0.549177399521458	-2.60379541919889	0.00921977722971629	1
protein_coding	EIF3G	ENSG00000130811	148.673678954691	-0.713390573833754	0.274559813984084	-2.59830658930701	0.00936848053762103	1
ENSG00000283208	ENSG00000283208	ENSG00000283208	10.8049707403821	1.37229338123251	0.52841008212256	2.59702346276244	0.00940355005279222	1
processed_pseudogene	RPS27P29	ENSG00000240231	17.4211827121466	1.25212065080516	0.482143466628156	2.59698769654973	0.00940452926522135	1
processed_pseudogene	CIAPIN1P	ENSG00000263846	7.75923659923537	-1.37035614267882	0.527990410775882	-2.59541861880613	0.00944757732322165	1
ENSG00000206805	Y_RNA	ENSG00000206805	5.72278133969992	1.36852822951729	0.52859421043151	2.58899587341321	0.00962562479521848	1
protein_coding	SRPK2	ENSG00000135250	68.518445051641	-0.693110893952494	0.268058957209776	-2.58566585935825	0.00971910994295529	1
protein_coding	SYNJ2	ENSG00000078269	94.0289913436724	-0.981295363187978	0.379746763478944	-2.58407827942525	0.00976396307937828	1
protein_coding	TPD52L2	ENSG00000101150	288.403303525022	-0.666150195608702	0.25784562576704	-2.5835233528862	0.00977968460975264	1
processed_pseudogene	SC22CB-1E7.1	ENSG00000232346	243.706900071956	-1.24674941586845	0.482920674458713	-2.58168573392696	0.00983190705040223	1
Mt_tRNA	MT-TH	ENSG00000210176	73.1276312038651	1.43196790710089	0.555118147630159	2.57957321916797	0.0098922485326191	1
protein_coding	JDP2	ENSG00000140044	88.8562651463457	-0.872760071087093	0.338461724749224	-2.57860788168513	0.00991993192267871	1
snoRNA	SNORA38	ENSG00000200816	27.3824856133163	1.38348542786826	0.536722362596436	2.5776556452307	0.00994730720623432	1
misc_RNA	RN7SKP250	ENSG00000200794	20.8386613424424	1.39709152023718	0.54243173933062	2.57560798702753	0.0100064021846859	1
Mt_tRNA	MT-TR	ENSG00000210174	14.0433931716919	1.42485388517127	0.553934518381768	2.5722424544579	0.0101042102731773	1
processed_pseudogene	NPM1P21	ENSG00000248578	4.65703391272048	-1.44639515074948	0.564121699919976	-2.56397715414008	0.0103480355611646	1
lincRNA	RP5-899B16.1	ENSG00000231426	1.52781290048234	1.58573915778648	0.619353770679801	2.56031243023833	0.0104578099304481	1
processed_pseudogene	BRD7P2	ENSG00000184100	72.8846416763409	-1.08406557957939	0.423712297684603	-2.55849449143516	0.010512648566697	1
snoRNA	SNORD91B	ENSG00000275084	6.47636207377192	1.53734608577446	0.600944072470145	2.55821823727339	0.0105210042031832	1
protein_coding	VPS18	ENSG00000104142	94.7341884796755	-0.686282630504123	0.268278043209055	-2.55810211784398	0.0105245181369062	1
protein_coding	HLA-C	ENSG00000204525	543.462017358423	-0.735343630609446	0.287592751288625	-2.55689208895068	0.0105611974450589	1
processed_pseudogene	PTMAP2	ENSG00000197744	120.853375491722	-1.14856817379538	0.449274082836952	-2.55649773194733	0.0105731760345797	1
unprocessed_pseudogene	HLA-H	ENSG00000206341	208.875790500177	-0.626373896508782	0.245066358349316	-2.5559358727482	0.0105902633744867	1
processed_pseudogene	RP13-383K5.4	ENSG00000213569	17.5295356615738	-1.35646900269501	0.53133681868001	-2.55293620732865	0.0106819058629612	1
lincRNA	RP11-38L15.2	ENSG00000229227	2.68893736837971	1.45388963879965	0.570306281883231	2.54931373717068	0.010793515096377	1
protein_coding	DSCR3	ENSG00000157538	112.412806336215	-0.473163800573795	0.185959708615731	-2.54444257896502	0.0109452305738715	1
scaRNA	SCARNA11	ENSG00000251898	122.10395684487	1.36212953686465	0.535475072672879	2.54377767776461	0.0109660856845429	1
antisense	SCARNA9	ENSG00000254911	33.6324834664797	1.38561771541905	0.544741428659675	2.54362463091588	0.010970891106942	1
snoRNA	SNORA47	ENSG00000238961	79.9296339849766	1.30959314591631	0.51537840554893	2.54103224313688	0.0110525726355882	1
protein_coding	ADPRHL2	ENSG00000116863	54.4975011352871	-0.874716257390496	0.344738044816629	-2.53733601655649	0.0111699684742325	1
protein_coding	MT-CO3	ENSG00000198938	766.024126113396	1.18046804976162	0.465460268976582	2.53613063980121	0.0112084912037541	1
snoRNA	SNORA23	ENSG00000201998	295.823438780169	1.25932194578626	0.496568895029672	2.53604677697546	0.0112111757671814	1
ENSG00000201031	Y_RNA	ENSG00000201031	4.53749191489029	1.44479297272832	0.569930252244363	2.53503471177181	0.0112436184109826	1
ENSG00000274357	Metazoa_SRP	ENSG00000274357	5.32910311562943	-1.49912659712468	0.591600986578556	-2.53401639134289	0.0112763456885559	1
protein_coding	RASSF2	ENSG00000101265	188.845181726796	-1.32717287142797	0.524440246308276	-2.53064649551673	0.0113852529872376	1
processed_pseudogene	RP11-312J18.5	ENSG00000213080	28.2752556024697	-1.31693556707048	0.52055778952615	-2.52985469349954	0.011410977288904	1
snoRNA	SNORA33	ENSG00000200534	15.5466542470713	1.49593943136912	0.59137504350978	2.52959513220376	0.0114194212158396	1
ENSG00000206995	Y_RNA	ENSG00000206995	6.87965319845613	1.45833184017552	0.576801902108057	2.52830622583889	0.0114614335233362	1
protein_coding	FAM49A	ENSG00000197872	41.2358114449072	1.44330689339799	0.57096513783863	2.52783716158499	0.0114767568335671	1
lincRNA	RP11-805I24.1	ENSG00000261177	22.7364710433649	1.56060257219399	0.617508100268593	2.5272584627071	0.0114956867210388	1
protein_coding	RAB20	ENSG00000139832	16.5819619608667	-1.2906558147155	0.513875752609316	-2.51161065327935	0.0120181601717761	1
protein_coding	EIF6	ENSG00000242372	101.602631654133	-0.846605278462076	0.337161082763399	-2.51098161010527	0.0120395968737364	1
processed_pseudogene	RPL34P6	ENSG00000231333	1.40708581671558	1.55239155773529	0.618413742906365	2.5102798499262	0.0120635516359841	1
protein_coding	RPS29	ENSG00000213741	809.228814474219	0.851606847071591	0.339263408414083	2.51016415549353	0.0120675049487933	1
protein_coding	A4GALT	ENSG00000128274	14.3738798855334	-1.28353609037068	0.511408916911056	-2.50980389259406	0.0120798225941571	1
protein_coding	CTSL	ENSG00000135047	720.034016941169	-1.04033448363833	0.415395962645231	-2.50444052709012	0.0122645222538249	1
snRNA	RNU1-13P	ENSG00000238825	26.8694724064655	1.33574669186949	0.533702216531393	2.50279397479497	0.0123217248014085	1
TEC	RP11-141B14.2	ENSG00000279957	5.62584392698354	1.42062919242932	0.568215397850809	2.50015961869854	0.0124137360788734	1
protein_coding	HMGB1	ENSG00000189403	929.274548318296	-0.812052383278167	0.32615562452186	-2.48976967503972	0.012782590305104	1
snRNA	RNU6ATAC	ENSG00000221676	2641.58949756182	1.25683171767957	0.504894242170529	2.48929699074499	0.0127995994017981	1
protein_coding	JAK1	ENSG00000162434	141.354827886259	-0.487425787574582	0.196239963080768	-2.48382531224779	0.0129979552510944	1
misc_RNA	RN7SKP69	ENSG00000202260	33.9580090885122	1.24362767848574	0.500906592260178	2.48275366645562	0.0130371207574654	1
sense_intronic	CTD-2651B20.6	ENSG00000260035	289.515911014385	1.15115662249338	0.464301166716956	2.47933174631701	0.0131628815742979	1
protein_coding	CCDC130	ENSG00000104957	55.8758908281314	-0.617992138993065	0.24951275134552	-2.47679581769062	0.0132567716923875	1
processed_pseudogene	HMGB1P4	ENSG00000214821	13.3942755755994	-1.25622281159075	0.507806113958854	-2.4738237233838	0.0133675635674076	1
sense_intronic	RNF216-IT1	ENSG00000237738	1.37982812204829	1.51185811613101	0.611310785359177	2.47314157109581	0.0133931075933903	1
snoRNA	SNORD71	ENSG00000223224	1854.7389048334	1.20316328597546	0.48669277691487	2.47212069511752	0.013431416133442	1
protein_coding	TCF7L2	ENSG00000148737	20.1715295017097	1.3890126163983	0.561890592947499	2.47203394011631	0.013434676089072	1
protein_coding	PPIAL4A	ENSG00000263353	0.953662887152621	-1.51260267076731	0.612164247247466	-2.47090985396252	0.0134769786626022	1
protein_coding	LMF2	ENSG00000100258	65.1995646721625	-0.68884623248726	0.278995695555761	-2.46902100448207	0.0135483265673049	1
ENSG00000270722	U1	ENSG00000270722	758.12741472941	1.25614594640172	0.508878906583666	2.46845748595632	0.0135696770039983	1
processed_pseudogene	FABP5P2	ENSG00000236044	122.271323029728	-1.33135754784328	0.540102591966224	-2.4650086254845	0.0137009953294337	1
processed_pseudogene	RPL12P8	ENSG00000219932	10.1959648567363	-1.04475678331046	0.424046643649118	-2.46377798045952	0.0137481241875891	1
lincRNA	KB-1460A1.5	ENSG00000261087	7.9391058130938	1.33999898423176	0.544442915086114	2.46122953775569	0.0138461749553678	1
processed_pseudogene	RP11-819M15.1	ENSG00000213252	5.03485765429458	-1.27916277395426	0.519976768718831	-2.46003831499239	0.0138922183759583	1
protein_coding	SERPINB9	ENSG00000170542	18.0775689237787	1.5187300295293	0.617781960009138	2.45835930448153	0.0139573454120924	1
snoRNA	SNORD82	ENSG00000202400	811.436349309894	1.05512624599251	0.429702844344801	2.45547884981151	0.0140697031809423	1
protein_coding	C7orf49	ENSG00000122783	43.3314754780776	-0.757415268119461	0.308497632116683	-2.45517368455192	0.0140816533878455	1
processed_pseudogene	MTND6P4	ENSG00000249119	14.476355974121	1.13823151623034	0.463808476760022	2.45409813158562	0.0141238432671153	1
protein_coding	SMDT1	ENSG00000183172	11.0109133875481	1.09276492190328	0.445725211727282	2.45165607228853	0.0142200504279514	1
misc_RNA	RN7SKP74	ENSG00000199719	12.9209951619173	1.36557730011023	0.557005345827738	2.45164128197174	0.0142206348632058	1
processed_pseudogene	HMGB1P1	ENSG00000124097	88.4089179181998	-0.821594688236533	0.335161502315282	-2.45133967523415	0.0142325573928592	1
protein_coding	HLA-F	ENSG00000204642	20.6800775431518	-1.34285340316548	0.548118373953462	-2.44993320234781	0.014288271864807	1
processed_pseudogene	TCEA1P2	ENSG00000230409	93.1216527946412	-0.83602916719015	0.341567442817837	-2.44762545368241	0.0143801053856716	1
processed_pseudogene	PTMAP8	ENSG00000243014	20.9442317408357	-1.35994929321082	0.557571516659534	-2.4390580447122	0.0147256027532505	1
antisense	RP11-48G14.3	ENSG00000277245	1.25277457052902	1.50151918235117	0.615974234640499	2.4376330987732	0.0147837706532731	1
snoRNA	SNORD126	ENSG00000238344	27.16569332913	1.2439341112769	0.510836965713889	2.43509024359369	0.0148880761118406	1
protein_coding	CD86	ENSG00000114013	50.0853816713868	-1.38725298041102	0.5699188713676	-2.43412360970274	0.014927896267845	1
Mt_tRNA	MT-TT	ENSG00000210195	9.47749159413691	1.32459861459718	0.545104036087067	2.42999230771722	0.0150991432872986	1
transcribed_processed_pseudogene	ATF4P4	ENSG00000256167	44.1746535873718	-1.03981180108673	0.427937857288367	-2.42981961837989	0.0151063389712931	1
snoRNA	SNORD94	ENSG00000208772	3216.88447073271	1.22364791529739	0.503674489845506	2.42944191132794	0.015122087937887	1
snoRNA	SNORA77	ENSG00000221643	9.0557823799941	1.46240991491319	0.602542371864883	2.42706568566621	0.0152214996759465	1
antisense	RP11-488C13.6	ENSG00000259081	1.99751341033039	1.50251043295563	0.619288148676871	2.42618954708852	0.0152582987352174	1
protein_coding	GPANK1	ENSG00000204438	41.6849853295585	-0.65339291072934	0.269429605299302	-2.42509693767136	0.0153042996091846	1
ENSG00000200419	Y_RNA	ENSG00000200419	21.3312551438522	1.10487308452457	0.455852421679809	2.42375170554788	0.0153611040342745	1
protein_coding	ZCCHC17	ENSG00000121766	75.8826475753678	-0.927306636297778	0.383141167873421	-2.42027407664043	0.015508812996942	1
lincRNA	LINC00324	ENSG00000178977	151.190269071427	1.00837047144953	0.416863202777263	2.4189481458941	0.0155654589178633	1
misc_RNA	RN7SL678P	ENSG00000263969	77.9977506039599	-1.40888058615605	0.582781641306169	-2.41751024105422	0.0156270942456798	1
processed_pseudogene	RP11-6B6.3	ENSG00000236942	1.20107171603431	1.48932997404049	0.616426670415255	2.41606998126347	0.0156890456720039	1
snoRNA	SNORA71B	ENSG00000235408	742.102192881682	1.23972435268933	0.513737468452383	2.41314762659605	0.0158154123080358	1
ENSG00000199223	Y_RNA	ENSG00000199223	2.62775485108625	1.43870537221435	0.596807047680023	2.41067088233467	0.0159232100737013	1
lincRNA	RP11-706O15.3	ENSG00000234449	5.15890196471303	1.22902554243556	0.509855812130368	2.41053551454132	0.0159291203952063	1
protein_coding	HLA-G	ENSG00000204632	50.4576379432457	-0.75517255821492	0.313551498115231	-2.40844825412823	0.0160204971961583	1
ENSG00000207217	SNORA42	ENSG00000207217	16.049584488712	1.16791174112078	0.485511144208821	2.40553024385049	0.016149015196747	1
processed_pseudogene	RPL15P2	ENSG00000240914	144.202475506287	-0.884372615346339	0.3677164165427	-2.40503979577872	0.0161707047361139	1
snoRNA	SNORD62A	ENSG00000235284	115.196123631271	1.07693280361639	0.447808428431063	2.40489623518146	0.016177058391511	1
protein_coding	IQGAP2	ENSG00000145703	50.5043812414149	-1.14020174236246	0.474186658795972	-2.40454201148888	0.016192744888138	1
snoRNA	SNORA55	ENSG00000201457	180.577034236202	1.20205529006838	0.500945068113765	2.39957505639199	0.0164141143823783	1
snoRNA	SNORD9	ENSG00000199436	235.369114677503	1.02094248539087	0.426056050987369	2.39626331564796	0.0165631867447222	1
snoRNA	SNORD62B	ENSG00000231587	114.596768129107	1.07638229863704	0.44987067621456	2.3926482777101	0.0167272676404397	1
antisense	RP11-282O18.3	ENSG00000235423	1.02890292744471	1.48034485409823	0.619017263048239	2.39144357107028	0.0167822635298557	1
snoRNA	SNORD91A	ENSG00000212163	5.59374120041972	1.29650526814937	0.542605102399553	2.38940854484386	0.0168755248155109	1
scaRNA	SCARNA23	ENSG00000251869	4.44694319730748	1.4749422196262	0.617528700760371	2.38845938303772	0.0169191783986913	1
snoRNA	SNORD67	ENSG00000212135	414.646965176816	1.03571495127084	0.433743524087431	2.3878511003707	0.0169472064454114	1
protein_coding	MRFAP1L1	ENSG00000178988	77.9074621687996	-0.860194029526356	0.360289415457152	-2.38750846575635	0.0169630120707733	1
processed_pseudogene	RP11-83J16.1	ENSG00000231409	57.7280828339832	-0.979361754262936	0.41038434039615	-2.38645010995679	0.0170119154088088	1
snoRNA	SNORD15B	ENSG00000207445	1303.63471565661	1.05961112093667	0.444462087352042	2.384030384345	0.0171241884421337	1
protein_coding	CCL1	ENSG00000108702	4.21301015783422	1.36090791121211	0.571135829048175	2.38280955596873	0.0171810800855075	1
protein_coding	PITHD1	ENSG00000057757	88.0818669646861	-0.927501102129044	0.389547930491362	-2.38096785922885	0.0172672184563955	1
unprocessed_pseudogene	RP11-649E7.8	ENSG00000278009	55.1445430549841	-1.12072277239703	0.470966109804463	-2.37962509205244	0.0173302598254512	1
protein_coding	PPP1R7	ENSG00000115685	87.4743778376108	-0.856870244181581	0.361215572401847	-2.37218522580285	0.0176832233946912	1
protein_coding	STUB1	ENSG00000103266	37.7308418718498	-0.901144399190912	0.380267768370759	-2.36976276756725	0.0177995019945271	1
processed_pseudogene	RP1-159A19.3	ENSG00000235912	25.8248187085826	-0.978371054495482	0.413102368859056	-2.36835014332558	0.0178676171137936	1
snRNA	RNU5D-1	ENSG00000200169	388.211090412174	1.39764440094184	0.590594210790667	2.3665054201441	0.0179569113246261	1
sense_intronic	CTD-2651B20.7	ENSG00000259932	283.510275476886	1.07363458734496	0.454055964938001	2.36454241382239	0.0180523601361718	1
processed_pseudogene	RP11-253E3.1	ENSG00000234589	42.2693317482599	-1.06827385619417	0.452360236222414	-2.3615556157525	0.0181984420095452	1
protein_coding	EMCN	ENSG00000164035	1.01501186277372	1.43704414580458	0.608762400736454	2.36059938009658	0.0182454289514236	1
protein_coding	SMEK1	ENSG00000100796	273.315757597963	-0.457046428925121	0.193747938826701	-2.35897440609125	0.0183255196045739	1
snRNA	RNU2-5P	ENSG00000222465	92.0011274155535	0.87806176058525	0.372403677202664	2.35782247689086	0.0183824813936838	1
protein_coding	GPR35	ENSG00000178623	37.1405227023175	-1.33802518686428	0.567588081875943	-2.35738774225484	0.0184040188499169	1
processed_pseudogene	RP11-490G8.1	ENSG00000241556	29.5260117116556	-0.786367545721906	0.333805796095129	-2.35576360542824	0.0184846767265791	1
protein_coding	ARL4C	ENSG00000188042	39.0179813954641	-1.15282595459264	0.489633374387603	-2.35446767907623	0.018549256752678	1
misc_RNA	RN7SL451P	ENSG00000265141	20.3925334063201	-1.35198995129299	0.574447594442303	-2.35354793783331	0.0185952100129586	1
processed_pseudogene	RP11-34P1.2	ENSG00000254373	5.26495973401888	-1.17318403062092	0.498590315745097	-2.35300204110004	0.0186225318682036	1
processed_pseudogene	HNRNPA3P9	ENSG00000270903	0.865150950942487	1.42910491012669	0.607442717959576	2.35265790151722	0.0186397739251726	1
protein_coding	BRMS1	ENSG00000174744	90.5881700235335	-0.822647494927989	0.35012435844322	-2.34958658285238	0.0187942724902839	1
misc_RNA	RN7SL478P	ENSG00000277946	29.341850395754	-1.43719572760368	0.611692618468135	-2.34953910544622	0.0187966695426615	1
protein_coding	PLEKHA3	ENSG00000116095	53.601059041328	0.828471058770411	0.352859977822478	2.34787482525777	0.0188808653355023	1
antisense	RP11-677M14.7	ENSG00000245498	0.941401662058592	1.44771767572159	0.616923063067037	2.34667458941192	0.0189417896895397	1
processed_pseudogene	RP11-12M9.3	ENSG00000237214	43.4898128905309	-0.843753765834381	0.359824334455069	-2.34490467998	0.0190319445069372	1
protein_coding	PRPF3	ENSG00000117360	200.085181577046	-0.509500115565852	0.217311992177692	-2.34455590996213	0.0190497541725609	1
protein_coding	KCNIP1	ENSG00000182132	0.682542324375745	1.40134362998341	0.597898792419846	2.34378066614222	0.0190893935841219	1
protein_coding	CCNT2	ENSG00000082258	90.2027042299991	0.585213862364349	0.249780860666941	2.34290914364602	0.0191340419539061	1
processed_pseudogene	FABP5P1	ENSG00000236972	168.712923489163	-1.19588094134815	0.510698986662966	-2.34165520703758	0.0191984416693964	1
protein_coding	RUFY1	ENSG00000176783	133.020832606099	-0.716994970189022	0.306808011659732	-2.33694995873906	0.0194417862119646	1
protein_coding	MB21D2	ENSG00000180611	13.9818949613615	-1.4329428365401	0.614404906280808	-2.33224510724397	0.0196878004517994	1
misc_RNA	RN7SL116P	ENSG00000240474	45.1875033465715	-1.38018251043124	0.591966831957292	-2.33152000403093	0.019725956513085	1
protein_coding	RGS3	ENSG00000138835	10.1692107253286	1.26496600372821	0.543093554456551	2.32918618412625	0.0198492045061716	1
protein_coding	DAXX	ENSG00000204209	95.1317785202807	-0.68805471697863	0.295474446797042	-2.32864372685076	0.0198779475445369	1
processed_pseudogene	TPT1P6	ENSG00000214460	1.63583024328285	-1.43437019319817	0.617312135842711	-2.32357361845814	0.0201483577454511	1
protein_coding	ETF1	ENSG00000120705	557.745245880467	-0.905244082726804	0.389663661210027	-2.32314216808347	0.0201715163229149	1
protein_coding	ATF4	ENSG00000128272	384.389820046987	-0.630355543854217	0.271603059955967	-2.32087055262342	0.0202938312803783	1
protein_coding	PGD	ENSG00000142657	310.763938411965	-0.820636855411569	0.353669144702645	-2.32035185342939	0.0203218511712498	1
processed_pseudogene	AC011933.2	ENSG00000228007	79.209411707482	-0.877886280461956	0.378520143458792	-2.3192590820666	0.0203809926456261	1
protein_coding	SFSWAP	ENSG00000061936	98.9337819477367	-0.459022861081976	0.197957274940214	-2.31879763560399	0.0204060114686251	1
processed_pseudogene	RPL5P17	ENSG00000243859	112.663868838397	-1.30625537602115	0.563452632679985	-2.31830556866532	0.0204327199905328	1
snRNA	RNVU1-1	ENSG00000207340	210.690467387439	1.22363160797327	0.527823023107209	2.31826114891683	0.0204351325155844	1
snoRNA	SNORD115-34	ENSG00000199311	8.25257070634982	1.33000847795823	0.573926782835749	2.31738353694997	0.020482848341627	1
snoRNA	SNORA71C	ENSG00000201512	18.4076275974551	1.15635355701921	0.499381756439313	2.31557028687677	0.0205817427539104	1
processed_pseudogene	RPL30P4	ENSG00000237676	5.85881132954545	1.33726526839398	0.577802278112818	2.31439943913284	0.020645821630502	1
protein_coding	IL15RA	ENSG00000134470	8.44132544357944	1.4330805947381	0.61921229243345	2.31436070027974	0.0206479447238393	1
protein_coding	PI4KB	ENSG00000143393	85.3392680944133	-0.532164407202208	0.229946642115513	-2.31429518738037	0.0206515356092067	1
ENSG00000283041	ENSG00000283041	ENSG00000283041	274.192695129622	-0.516360787232784	0.223134224479714	-2.31412634452107	0.0206607927142887	1
snRNA	RNU2-52P	ENSG00000222612	6.42738017978362	1.26151567218632	0.545568888040713	2.31229401060014	0.020761486530833	1
protein_coding	MAEA	ENSG00000090316	141.904167816003	-0.703522015863909	0.304320926209862	-2.31177666493679	0.0207899940031609	1
lincRNA	RP11-506M13.3	ENSG00000244733	5.51249248384711	1.11749776486552	0.483465961856187	2.31143007581148	0.0208091113015423	1
protein_coding	MED14	ENSG00000180182	69.2042133740553	1.05414368822498	0.456448423652872	2.30944753799096	0.0209187596757995	1
protein_coding	ST20	ENSG00000180953	8.69491360243985	1.27690567080339	0.552957256363653	2.30923033581394	0.0209308030434296	1
processed_pseudogene	RP11-69L16.5	ENSG00000220472	14.1818283849743	-1.12847692984825	0.488946537396141	-2.30797611505317	0.0210004649933051	1
processed_pseudogene	RP11-389O22.4	ENSG00000233839	1.89965299670261	-1.36230916548632	0.590308930993237	-2.30779019926759	0.0210108083052872	1
ENSG00000207187	SNORA64	ENSG00000207187	104.247422212391	1.13488584306738	0.492087837549785	2.3062668013057	0.0210957289674945	1
protein_coding	COMMD1	ENSG00000173163	16.4418122316771	-0.801426233996938	0.347511925514599	-2.30618340021045	0.0211003867197477	1
TEC	RP11-752L20.3	ENSG00000280219	3.63477956307586	1.42676757402626	0.618858917100322	2.3054811599248	0.0211396407106015	1
ENSG00000206659	Y_RNA	ENSG00000206659	33.2411871990381	1.050068907155	0.4557663143952	2.30396339963922	0.0212246982276321	1
protein_coding	RRS1	ENSG00000179041	13.6105080976318	1.0869547129898	0.471864055405539	2.30353361426444	0.0212488381269406	1
protein_coding	RAB3A	ENSG00000105649	1.67056276575059	1.4031691857103	0.609650360106449	2.30159658310592	0.0213579330167567	1
processed_pseudogene	SNRPGP15	ENSG00000224543	18.3424654638421	-0.877197376582823	0.381131178162009	-2.30156289184494	0.0213598348389756	1
snoRNA	SNORD63	ENSG00000206989	245.42283272439	1.03489141366114	0.449765595329449	2.300957263979	0.0213940468045934	1
ENSG00000283696	ENSG00000283696	ENSG00000283696	23.3765257271435	1.11669124211417	0.485657439568782	2.29933931024652	0.0214856792618441	1
lincRNA	MIR155HG	ENSG00000234883	121.578539798719	1.26855704284395	0.551714974592066	2.29929782816192	0.021488033076674	1
protein_coding	SLC10A1	ENSG00000100652	7.72003770314862	1.04011693593547	0.452428859267962	2.29896239956576	0.0215070745257391	1
processed_pseudogene	YBX1P6	ENSG00000213539	16.5393489374952	-0.928246732726683	0.403858694199667	-2.29844434714029	0.0215365119423949	1
protein_coding	LILRB2	ENSG00000131042	14.5235805515908	-1.39718010103753	0.607903573038213	-2.29835809987862	0.0215414161957646	1
protein_coding	MYL6	ENSG00000092841	793.928107516211	-0.547356905356723	0.238181948581093	-2.29806208496261	0.0215582558031398	1
lincRNA	RP11-444D3.1	ENSG00000255864	23.7685433439126	1.28239476385572	0.558504636532565	2.29612196564271	0.021668908693411	1
protein_coding	PIR	ENSG00000087842	28.5335640462432	-0.83553738469969	0.363961816418248	-2.2956731915513	0.0216945743931875	1
antisense	MYCBP2-AS1	ENSG00000236051	4.12258305125762	1.37515700577326	0.599217872567824	2.29491987593813	0.0217377165200157	1
processed_pseudogene	KRT8P46	ENSG00000248971	34.2729494657531	-0.950448381621763	0.414265020902957	-2.29430034799971	0.0217732526075705	1
protein_coding	MBD4	ENSG00000129071	130.992349119723	-0.83247799643231	0.363270922700288	-2.29161747999064	0.0219277259109213	1
protein_coding	PSMD8	ENSG00000099341	179.721411386297	-0.571718523803525	0.249507998928306	-2.29138354785893	0.0219412402650892	1
processed_pseudogene	NDUFB1P1	ENSG00000231884	5.7221039040658	1.31373356519194	0.573419009896921	2.29105338769306	0.0219603260826078	1
protein_coding	RASGRP1	ENSG00000172575	12.7931912976541	0.990707758517161	0.432798136078283	2.28907584375078	0.0220749460801169	1
snoRNA	SNORD121A	ENSG00000238886	24.2186734736445	1.09773607070431	0.480084716304174	2.28654658943318	0.022222301795569	1
processed_pseudogene	RP11-18B3.3	ENSG00000228366	9.35433464424507	-1.30750039124034	0.572243981887469	-2.28486525437582	0.0223207299414013	1
transcribed_unprocessed_pseudogene	APOC1P1	ENSG00000214855	7.07720458010989	-1.21098236518771	0.533026871553769	-2.27189740295401	0.0230927078081125	1
protein_coding	COMMD5	ENSG00000170619	53.477505168746	-0.616402232372018	0.271706285034853	-2.26863442740366	0.0232905662096248	1
ENSG00000277918	U1	ENSG00000277918	304.757813812463	1.1776182379724	0.519409660170423	2.26722436695924	0.0233765230200847	1
processed_pseudogene	RP11-587D21.1	ENSG00000240036	95.2887847741479	-0.743649960062509	0.328141752933201	-2.26624607632267	0.0234363209671381	1
protein_coding	FGL2	ENSG00000127951	31.3840916992137	-1.38823781920205	0.612801894477982	-2.26539413750446	0.0234885037760033	1
lincRNA	OLMALINC	ENSG00000235823	3.74788128477351	1.34762777624501	0.596067163223463	2.26086565305358	0.023767577589683	1
protein_coding	ELK3	ENSG00000111145	30.1436836382682	0.781984945617125	0.346024233491985	2.25991381506879	0.0238266003279385	1
antisense	ADPGK-AS1	ENSG00000260898	11.8168836484545	-0.861544630114595	0.381288267475895	-2.259562393089	0.0238484238469494	1
protein_coding	CDON	ENSG00000064309	21.8086298075638	1.15919111071973	0.513187607977796	2.2588057324445	0.0238954717969064	1
processed_pseudogene	AC098614.2	ENSG00000213846	114.542599958694	-0.823630883959935	0.36486152603499	-2.25737937597989	0.0239843793008751	1
misc_RNA	RN7SL736P	ENSG00000275803	5.51646070297398	-1.23357099303323	0.546910023607741	-2.25552822180121	0.0241001928962529	1
antisense	RP1-68D18.4	ENSG00000255443	3.55427770928829	1.39382808669624	0.618229162377824	2.25454923759229	0.0241616367915514	1
lincRNA	LUCAT1	ENSG00000248323	74.4300652652849	-1.23616616912621	0.548430061346618	-2.2540087720409	0.0241956161311687	1
processed_pseudogene	RNPS1P1	ENSG00000250896	11.1114693817631	-1.02179552813429	0.453499809575869	-2.25313331242611	0.0242507446176668	1
snoRNA	SNORD69	ENSG00000212452	1264.08873014264	1.00690684749581	0.447020495265519	2.25248474770209	0.0242916555065849	1
protein_coding	NOTCH2NL	ENSG00000213240	1.89325551633944	1.38137153111558	0.613525532782587	2.25153063288255	0.0243519489583363	1
protein_coding	DHX16	ENSG00000204560	31.6142027284895	-0.776338237330041	0.344818130282904	-2.25144262772116	0.0243575168033661	1
protein_coding	SYT17	ENSG00000103528	4.55425250013681	1.3277648062495	0.589819577672391	2.25113722316453	0.0243768474706229	1
lincRNA	LINC00477	ENSG00000197503	23.9062651388344	1.25002091579877	0.555288703309881	2.25111893749654	0.0243780052888708	1
protein_coding	ZPR1	ENSG00000109917	181.195489346129	-0.851862956219985	0.379070439293437	-2.24724185248473	0.0246245747712461	1
protein_coding	LAMTOR5	ENSG00000134248	28.0257302670724	0.930940763227821	0.414375196790921	2.24661314296169	0.0246647614861705	1
ENSG00000201228	Y_RNA	ENSG00000201228	3.44586626599981	1.37565708162354	0.612605519543427	2.24558388348967	0.0247306737435427	1
protein_coding	SHF	ENSG00000138606	57.2908458499446	0.999888993373366	0.445749800974084	2.24316195136451	0.0248863728962916	1
snoRNA	SNORD13P3	ENSG00000239128	23.9049987581405	1.23122838981012	0.548949627807666	2.24288045285187	0.0249045245880822	1
processed_pseudogene	DHX9P1	ENSG00000228002	3.81812917733263	-1.23770379884681	0.552171526538266	-2.24152050469962	0.0249923788492821	1
protein_coding	GZF1	ENSG00000125812	69.3136081220028	-0.893140207417831	0.398670080761566	-2.24029906059591	0.0250715142010276	1
antisense	RP11-486B10.3	ENSG00000230881	1.22905223693271	1.36314209089759	0.609048679286762	2.23814965413589	0.025211297530432	1
protein_coding	DNAJC17	ENSG00000104129	35.1864963498836	-0.643585891565714	0.287810680780902	-2.23614318210674	0.0253423936145099	1
protein_coding	HNRNPA1	ENSG00000135486	128.227551053337	0.904017346646596	0.404452587670465	2.23516272167644	0.0254066678613308	1
protein_coding	TDRD6	ENSG00000180113	16.4073448797009	-1.24207764998737	0.555702647615324	-2.23514797944093	0.0254076353664772	1
processed_pseudogene	RPL13AP20	ENSG00000234498	277.618847472578	-0.717253471893547	0.320915820246294	-2.23502060865393	0.0254159957990151	1
processed_pseudogene	RPL37P2	ENSG00000239559	111.817597118986	0.797816579676768	0.357029717410926	2.23459432302246	0.025443993883341	1
processed_pseudogene	RPL13AP7	ENSG00000213885	295.783393988622	-0.690559623134607	0.309244706219713	-2.23305236676866	0.0255454912504646	1
protein_coding	SUPT4H1	ENSG00000213246	51.5685730442231	-0.481502380847126	0.21565431033166	-2.23275101761987	0.0255653680506974	1
protein_coding	NACA2	ENSG00000253506	33.2499548625507	-0.91868613054521	0.411523395623006	-2.23240316423422	0.0255883288760767	1
misc_RNA	RN7SKP36	ENSG00000200867	139.235791082297	1.06560381304558	0.477396873004106	2.23211309772533	0.0256074889899794	1
misc_RNA	RNY4	ENSG00000252316	2453.22597709021	0.849148493691453	0.380860804956838	2.22955075093035	0.0257772824966773	1
protein_coding	CIITA	ENSG00000179583	14.7933515921483	-1.31089782649879	0.588783574197083	-2.22645108312751	0.0259839820726918	1
misc_RNA	RN7SKP47	ENSG00000202217	205.069186629734	0.934011292255286	0.419785355590885	2.22497350089925	0.0260830171204257	1
protein_coding	RNF40	ENSG00000103549	144.22060279444	-0.672773358092454	0.302449189582893	-2.22441779070486	0.0261203479779902	1
sense_intronic	RP11-115H15.2	ENSG00000258337	1.67946698346136	1.35908582882536	0.611466451175047	2.22266622512751	0.0262383149755529	1
protein_coding	TIPARP	ENSG00000163659	152.546276375043	-1.12600185205152	0.507226419484401	-2.21991956411913	0.0264242282124034	1
protein_coding	IL12B	ENSG00000113302	10.5921350405661	1.28752559229335	0.580010917075296	2.21982992800497	0.0264303145407617	1
processed_pseudogene	PDIA3P1	ENSG00000180867	55.8586527695397	-0.719954321758894	0.32475691439862	-2.2169022115883	0.0266297746088085	1
protein_coding	PCGF5	ENSG00000180628	78.888651693126	0.898638407890214	0.405660071159678	2.21524984039281	0.0267429206335983	1
protein_coding	SMARCB1	ENSG00000099956	59.0652953800046	-0.802970086723754	0.362701363699977	-2.21386012595189	0.0268384024324729	1
protein_coding	WWTR1	ENSG00000018408	7.28256818126843	0.930888528423864	0.42049325994066	2.21380130695848	0.0268424501382562	1
processed_pseudogene	RPS2P4	ENSG00000196183	139.462145433563	-1.04917249828182	0.474170698667288	-2.21264726232692	0.0269219739200082	1
protein_coding	ACBD6	ENSG00000230124	88.2715059654087	-0.588156905140609	0.266129967979738	-2.21003635781969	0.0271026390932495	1
protein_coding	USP16	ENSG00000156256	115.669217277038	-0.640042128287471	0.289740760323487	-2.20901652764658	0.027173491338829	1
processed_pseudogene	RP11-383F6.1	ENSG00000229677	1.53403140158495	1.36654614953081	0.619325909211825	2.2065057011258	0.0273486114984994	1
processed_pseudogene	RP11-330M2.4	ENSG00000269907	6.44289025381975	-1.12937089521317	0.511983496796222	-2.20587363124065	0.0273928489724116	1
protein_coding	PHLDB2	ENSG00000144824	3.4310825899696	-1.35142854776037	0.612818890324323	-2.20526581196796	0.0274354474023774	1
protein_coding	MYCL	ENSG00000116990	73.1200521989579	-1.09675521336312	0.497436757183635	-2.20481337079447	0.027467193399162	1
misc_RNA	RN7SKP255	ENSG00000200312	11512.3766847533	1.06888692080062	0.484823778944983	2.20469161625407	0.0274757418401432	1
ENSG00000221164	SNORA11	ENSG00000221164	19.424445994435	1.18738632246032	0.539565179265051	2.20063556376576	0.0277618338089425	1
processed_pseudogene	RPL29P33	ENSG00000257074	24.6053703258223	-0.845937163863531	0.384415690187201	-2.20057917888726	0.0277658289275081	1
misc_RNA	RN7SKP249	ENSG00000202360	25.3926156363348	1.00743984841087	0.458050485845756	2.19940788088174	0.0278489327683557	1
protein_coding	GAR1	ENSG00000109534	8.75724437328738	1.20499379344186	0.547958075089808	2.19906202357611	0.0278735123911369	1
protein_coding	U2AF2	ENSG00000063244	311.4306872559	-0.678652962932475	0.308777552071443	-2.19787014431494	0.0279583610227696	1
protein_coding	CYP1B1	ENSG00000138061	180.191668776057	-1.359443532114	0.619832571108399	-2.19324313609885	0.0282898661710656	1
protein_coding	SAG	ENSG00000130561	0.788446439405487	1.31381369222437	0.600232191977715	2.1888424342844	0.0286082942957614	1
protein_coding	MTMR9	ENSG00000104643	63.0047155435529	0.583708236268251	0.266696317442852	2.18866252772061	0.0286213774774788	1
protein_coding	THAP1	ENSG00000131931	70.8648337693045	0.747632557666412	0.341663150711819	2.18821536975468	0.028653918062699	1
processed_pseudogene	RP11-79P5.10	ENSG00000255883	39.3324822246988	-1.10622935057132	0.505554317322658	-2.18815132749682	0.0286585811540537	1
snoRNA	SNORA11B	ENSG00000221102	5.79533702252883	1.31909242040465	0.603596460910554	2.18538793023196	0.0288604150860997	1
protein_coding	DDX24	ENSG00000089737	214.690132954394	-0.646292706199639	0.295808009710148	-2.1848384255481	0.0289006955341992	1
protein_coding	SRSF5	ENSG00000100650	145.383111947069	0.956357640799643	0.437745838455089	2.18473268455244	0.0289084522370635	1
misc_RNA	RN7SKP37	ENSG00000201364	23.5006606022997	1.09548708664984	0.501589890531674	2.18402943785141	0.0289600849875824	1
protein_coding	STK11	ENSG00000118046	98.9175489606402	-0.587285352131757	0.269204752622456	-2.1815564042266	0.0291422873594743	1
lincRNA	LINC00680	ENSG00000215190	26.0425837804918	-0.729447873398	0.334702991662291	-2.17938856708517	0.0293028147350962	1
scaRNA	SCARNA5	ENSG00000252010	1922.54262367049	0.891595699473112	0.409105868311587	2.17937646104369	0.0293037133139633	1
processed_pseudogene	FAM133DP	ENSG00000230562	23.468707087977	-0.647003777917137	0.297106302816003	-2.1776844576664	0.0294295368162228	1
protein_coding	FAM98B	ENSG00000171262	32.7728324363939	0.740788179692925	0.340241729718145	2.17724081142719	0.029462604761811	1
misc_RNA	RN7SL704P	ENSG00000241693	5.42616919343995	-1.28781211637751	0.591823877053189	-2.17600567721226	0.0295548360505541	1
processed_pseudogene	RP11-296A18.5	ENSG00000233406	103.36652052149	-0.929415949631409	0.427187830044657	-2.17566111266384	0.029580610009162	1
processed_pseudogene	NPM1P46	ENSG00000213104	66.9372296836085	-0.902414694776109	0.414894445553727	-2.17504645927888	0.0296266350293735	1
processed_pseudogene	HNRNPCP2	ENSG00000204253	186.41202324703	-1.07154627951185	0.493408056829012	-2.17172432569983	0.0298764625662553	1
processed_pseudogene	RP4-592A1.2	ENSG00000185839	25.5712180073217	-0.761227233769543	0.350922703011768	-2.16921626112066	0.0300662691594941	1
antisense	EPHA1-AS1	ENSG00000229153	1.43897875823516	1.34071443005114	0.619405953655956	2.16451653739807	0.0304247287930738	1
protein_coding	MOCS1	ENSG00000124615	1.04345117698892	-1.31981411439286	0.610142737382949	-2.16312353409935	0.0305316794644895	1
protein_coding	SPON1	ENSG00000262655	1.98798885414594	1.32487025672057	0.612925517328131	2.16155180240489	0.0306527399390531	1
transcribed_unprocessed_pseudogene	FAM86EP	ENSG00000251669	4.30817398559715	1.21069651728932	0.560214054586303	2.16113199477541	0.0306851447161868	1
protein_coding	TMEM45B	ENSG00000151715	2.03662804874565	1.3170125965199	0.609763272751789	2.15987524236476	0.0307823288209196	1
protein_coding	FSD1L	ENSG00000106701	29.9318736323387	1.13380792029875	0.525492515657831	2.15761002586194	0.0309581645443069	1
ENSG00000283360	ENSG00000283360	ENSG00000283360	178.054753782088	0.932259202370232	0.432286225331768	2.15657855314438	0.0310385170924931	1
protein_coding	PDGFRA	ENSG00000134853	5.98155815182545	1.2905303687478	0.599063581298809	2.15424607509916	0.0312208793020995	1
protein_coding	TOM1	ENSG00000100284	91.4857886382559	-0.668033487106059	0.310134023438838	-2.15401547917494	0.0312389580280641	1
protein_coding	OSM	ENSG00000099985	13.3829974650785	-1.27394509835241	0.592901905909496	-2.14866082509587	0.0316612962397676	1
protein_coding	URGCP	ENSG00000106608	43.8347608517973	-0.557809550155688	0.25962927472783	-2.14848479910612	0.0316752626857975	1
protein_coding	MT-CYB	ENSG00000198727	350.772905769897	0.977951424802676	0.455299152250389	2.14793157415074	0.0317191916639376	1
protein_coding	RING1	ENSG00000204227	59.4210986546279	-0.483674195975817	0.225202834943602	-2.14772694178981	0.0317354537826996	1
unprocessed_pseudogene	RP11-1378G18.1	ENSG00000275597	0.913682296094039	1.32175959646573	0.615450551052089	2.14762923553522	0.0317432210129824	1
protein_coding	TINF2	ENSG00000092330	64.5213747338961	-0.587873564790419	0.27379891419247	-2.14709969367215	0.0317853456950402	1
protein_coding	TNKS1BP1	ENSG00000149115	57.3176978216647	-0.911322309649555	0.424476039539077	-2.1469346317854	0.0317984860467323	1
processed_pseudogene	RP11-275F13.3	ENSG00000232027	0.908235471167767	1.2835818823568	0.598575894469951	2.14439287351094	0.0320014207974492	1
misc_RNA	RN7SL752P	ENSG00000239437	503.062912157763	-0.958600534848418	0.447068376839786	-2.14419221870382	0.0320174883110682	1
processed_pseudogene	AC005255.3	ENSG00000256210	33.308836371444	-1.07939448175303	0.503571086010561	-2.14347986161063	0.0320745864521653	1
protein_coding	C11orf30	ENSG00000158636	66.5448517633511	0.718569605139992	0.335248932449302	2.14339118066739	0.0320817006732683	1
protein_coding	WRAP53	ENSG00000141499	9.33700585350892	-0.938245221289162	0.437915852446097	-2.14252399416084	0.0321513399841884	1
protein_coding	NADK	ENSG00000008130	195.562083998859	-0.686569697300259	0.320534360789321	-2.14195350417212	0.0321972237279399	1
processed_pseudogene	RPL5P5	ENSG00000213051	10.6461001488133	-1.07031486282674	0.50011953676778	-2.14011808005756	0.0323452252973396	1
protein_coding	CENPT	ENSG00000102901	49.6694384293404	-0.707734535006394	0.330874184386535	-2.13898384462537	0.0324369767898368	1
protein_coding	XRCC6	ENSG00000196419	300.480308889488	-0.6573038863788	0.307381560289311	-2.13839726026551	0.0324845146549077	1
TEC	AC083843.4	ENSG00000279518	2.14782754367483	1.30886022717516	0.612331698165565	2.13750199621589	0.0325571835298246	1
processed_pseudogene	RP11-244F12.1	ENSG00000259394	41.8612182428792	-1.03170038149241	0.482983172273553	-2.13610005631433	0.0326712591800656	1
protein_coding	MT-ND6	ENSG00000198695	95.0066095600571	0.9934651536632	0.465802903601073	2.1328015475705	0.0329410092587764	1
protein_coding	PURB	ENSG00000146676	290.618623280233	0.56828909121374	0.266483508666311	2.13254881721536	0.0329617558109053	1
protein_coding	MMP19	ENSG00000123342	29.3377638119355	-1.02419095112338	0.480352489785341	-2.13216538459303	0.0329932530275086	1
protein_coding	BCL6	ENSG00000113916	72.642701805319	1.02965263906813	0.482995266733436	2.13180689333007	0.0330227247282674	1
protein_coding	DDX6	ENSG00000110367	305.923255414006	0.630283288484838	0.29567010515993	2.13171124670826	0.033030591679996	1
protein_coding	ATXN3	ENSG00000066427	83.1800489600223	0.636593831917737	0.29891342720341	2.12969299463599	0.0331969677303184	1
protein_coding	CEBPE	ENSG00000092067	6.64950665175468	-1.15688923521591	0.543343106701522	-2.12920569148112	0.0332372462313731	1
protein_coding	LAMB3	ENSG00000196878	47.314370541778	-0.638905374176959	0.300099237445235	-2.12898033202618	0.0332558876671591	1
protein_coding	IKBKG	ENSG00000269335	47.4226537147509	-0.68837403378035	0.323477288672217	-2.12804440338279	0.0333334022096931	1
protein_coding	OGDH	ENSG00000105953	144.352186476062	-0.600249653486662	0.282101548233409	-2.12777865717355	0.0333554397344277	1
processed_pseudogene	TMSB10P1	ENSG00000228499	4.42796397114759	-1.1461034543655	0.539449138266467	-2.12458112000797	0.0336215806282483	1
protein_coding	MRAS	ENSG00000158186	120.723908434604	-0.78473191007293	0.369824354911978	-2.12190435716356	0.0338457704879371	1
misc_RNA	RN7SKP271	ENSG00000222460	0.682600259956196	1.22539822532653	0.577799967425072	2.12080009417003	0.0339386287818523	1
protein_coding	MEA1	ENSG00000124733	71.0004457977254	-0.742046858988784	0.350124327656751	-2.11938103231792	0.0340582784698988	1
protein_coding	SPI1	ENSG00000066336	202.574891635256	-0.787901651280037	0.37212848924035	-2.1172838792548	0.0342357622294973	1
protein_coding	ANGPTL3	ENSG00000132855	1.46711373040518	1.30293429912382	0.615405766279801	2.11719546763464	0.0342432619079144	1
protein_coding	PBDC1	ENSG00000102390	19.7682549977767	-0.720411713736801	0.340338109925528	-2.11675299570312	0.0342808165035498	1
protein_coding	EMP3	ENSG00000142227	253.221432931491	-1.11894400688273	0.529380648866278	-2.11368513238831	0.034542169187567	1
processed_pseudogene	RPSAP54	ENSG00000213621	32.5669096719141	0.839203404929933	0.397310052135543	2.1122128685625	0.0346681952504289	1
protein_coding	SMG8	ENSG00000167447	57.1429771827105	-0.895268470423619	0.424210256458355	-2.11043570209271	0.0348208439938646	1
protein_coding	AP4S1	ENSG00000100478	17.5794374983601	0.753068223122743	0.356940393863712	2.10978705708013	0.0348767017997998	1
antisense	AC004076.5	ENSG00000276449	1.30100609699265	1.29942871156787	0.616037854562117	2.10933257095299	0.0349158852615013	1
protein_coding	PRPF4	ENSG00000136875	97.4892737011621	-0.663632039427871	0.314698795296962	-2.10878481057305	0.0349631602957197	1
processed_pseudogene	SETP8	ENSG00000213526	3.55376876852282	-1.29957033684888	0.616510074371398	-2.1079466352175	0.0350356056881999	1
transcribed_processed_pseudogene	ZEB2P1	ENSG00000249506	5.3571526206487	-1.08017059327374	0.512457075300199	-2.10782648018075	0.0350460014547539	1
protein_coding	PSTPIP1	ENSG00000140368	71.7765026312984	-0.82713887064734	0.392443267803843	-2.10766482318859	0.0350599921088643	1
lincRNA	RP11-2B6.2	ENSG00000269929	1.96894420136429	1.29237538651957	0.613719298199899	2.10580861692021	0.0352209800367849	1
protein_coding	IGF1	ENSG00000017427	1.07925368660379	-1.2544311207817	0.596301915231289	-2.10368454090097	0.0354059738502423	1
protein_coding	ZC3H4	ENSG00000130749	84.537077070134	-0.569250975595359	0.270765362673064	-2.10237738673651	0.0355202304659037	1
protein_coding	DNAJC8	ENSG00000126698	136.237553196971	-0.586683935005603	0.279097650149154	-2.10207407583715	0.0355467873897214	1
protein_coding	APOE	ENSG00000130203	119.597155727164	-0.925248063348844	0.440452061935462	-2.10067824244723	0.0356692205158233	1
protein_coding	CTHRC1	ENSG00000164932	4.41622705171221	1.01563546234049	0.483911861458785	2.0988025779711	0.0358343075004952	1
protein_coding	COL23A1	ENSG00000050767	55.978077524789	-0.762036850564777	0.36311621986181	-2.09860317133391	0.0358518965745643	1
miRNA	MIR920	ENSG00000216192	2.0625357279044	1.28250858028606	0.611369634322545	2.0977629706899	0.0359260890972695	1
protein_coding	C19orf43	ENSG00000123144	72.2103451407725	-0.504523383742073	0.240535810898774	-2.09749800604282	0.0359495134977407	1
snRNA	RNU2-18P	ENSG00000223156	0.848700495244789	1.23473494269456	0.588744328537177	2.09723454281494	0.0359728180756545	1
protein_coding	GMIP	ENSG00000089639	186.3343417884	-0.598499396318834	0.285632627087739	-2.09534674809747	0.0361401796398155	1
ENSG00000206824	Y_RNA	ENSG00000206824	1.68926821634295	1.29708705972739	0.619272050679557	2.09453512120244	0.0362123378250481	1
protein_coding	NOP56	ENSG00000101361	120.750193539764	-0.676528858550653	0.323025339969138	-2.0943522839889	0.0362286100172961	1
protein_coding	UNC13A	ENSG00000130477	1.67423246293155	-1.29263418542595	0.617290046592382	-2.09404670067443	0.0362558203113678	1
ENSG00000202137	Y_RNA	ENSG00000202137	4.9407501462442	1.14031289526938	0.544963117034455	2.09245884652646	0.0363974894326414	1
unprocessed_pseudogene	RP5-857K21.11	ENSG00000198744	73.5335037683357	0.951337978873972	0.45468963276888	2.09227989888553	0.0364134847675296	1
processed_pseudogene	RP11-438L7.3	ENSG00000255967	1.91493773145298	-1.25738393570741	0.600966395750277	-2.09226995818565	0.0364143734981426	1
processed_pseudogene	RP11-49C9.2	ENSG00000183171	9.19947693595314	1.1368765052312	0.54353099861297	2.09164980126686	0.0364698540849937	1
protein_coding	TPT1	ENSG00000133112	744.137556725747	0.735233150984853	0.351713700837447	2.09043079423471	0.0365791190704271	1
protein_coding	ETFA	ENSG00000140374	194.072964064596	-0.580550656718382	0.277793691344821	-2.08986263837703	0.0366301406066883	1
protein_coding	KIAA1644	ENSG00000138944	4.5766116464502	-1.2886539452866	0.616936816201641	-2.08879404088832	0.0367262670710392	1
protein_coding	PTMS	ENSG00000159335	61.5089184339476	-0.971120751057689	0.464943448099086	-2.08868574238029	0.0367360211237295	1
ENSG00000283317	ENSG00000283317	ENSG00000283317	180.093137948243	0.893826407214349	0.428167501338522	2.08756247127608	0.0368373202734508	1
protein_coding	RRP7A	ENSG00000189306	162.282894008714	-0.714032627931132	0.342442643252269	-2.08511598073702	0.0370587739968849	1
protein_coding	LRPAP1	ENSG00000163956	193.983499007965	-0.533075193100002	0.255713295305869	-2.08465966723541	0.0371002041989735	1
lincRNA	RP11-317P15.4	ENSG00000261504	7.89354065103367	1.29075711406173	0.619419783963752	2.08381641574636	0.0371768695515203	1
protein_coding	CD300LB	ENSG00000178789	4.8672857250713	-1.14084210821381	0.547580154009883	-2.08342486457831	0.0372125137852471	1
misc_RNA	RN7SKP245	ENSG00000200895	9.80375218874659	1.13497142108279	0.545038538161976	2.08236912000797	0.0373087668113791	1
protein_coding	KIAA1211	ENSG00000109265	9.28283460745958	1.29040391445114	0.619698834232659	2.08230811995796	0.0373143347019402	1
antisense	AP000487.6	ENSG00000254604	1.68609400569664	1.27259868382992	0.611611631169117	2.08073002371995	0.037458624340282	1
protein_coding	TSPAN11	ENSG00000110900	2.41923846190227	1.21516540815033	0.584055585517338	2.08056465562944	0.0374737718450397	1
protein_coding	RCL1	ENSG00000120158	34.9603130343699	0.776560805710483	0.373317287331702	2.08016299288195	0.0375105853458973	1
protein_coding	FKBP5	ENSG00000096060	92.2084862618133	1.0871299300452	0.522876794175027	2.07913210560515	0.0376052098976098	1
protein_coding	FNBP4	ENSG00000109920	226.129359324228	-0.50009289281014	0.240574981165588	-2.078740234696	0.0376412327433475	1
protein_coding	BCKDK	ENSG00000103507	49.4673640384753	-0.501911009666916	0.241669869408605	-2.0768456195849	0.0378158101804344	1
protein_coding	LONP1	ENSG00000196365	242.045054371533	-0.636865457630693	0.306781865206018	-2.07595536066974	0.0378980797751863	1
protein_coding	STK38	ENSG00000112079	75.2456736407391	-0.550203371657287	0.265453605671314	-2.0726912722314	0.0382010205469814	1
processed_pseudogene	GS1-44D20.1	ENSG00000254332	67.8745745696187	-0.757078933274875	0.365397600793148	-2.07193186718119	0.0382717955875058	1
protein_coding	VKORC1L1	ENSG00000196715	44.9828878005924	0.865937305401439	0.418387617019582	2.06970108620808	0.0384803449793255	1
processed_pseudogene	RP11-305B6.1	ENSG00000259137	8.68533371440087	-1.1511421930513	0.556364847388947	-2.06904192177792	0.0385421529612854	1
protein_coding	COL12A1	ENSG00000111799	13.3734102600106	-1.2124107428456	0.586014158251561	-2.06891032541427	0.0385545024780802	1
protein_coding	TAOK2	ENSG00000149930	138.785987793916	-0.5151075055491	0.248995125809109	-2.06874533738466	0.0385699903502427	1
snoRNA	SNORA19	ENSG00000207468	5.65177030764363	1.20432453499698	0.582390222103384	2.06789964750334	0.0386494605813872	1
protein_coding	CCZ1	ENSG00000122674	139.541685176781	-0.577022872383874	0.279099238317932	-2.06744696209657	0.0386920569772511	1
antisense	RP11-1148L6.9	ENSG00000204620	3.64800501422524	1.16727301089617	0.564663355043666	2.06720163522193	0.0387151581938135	1
protein_coding	ADAMDEC1	ENSG00000134028	444.478213159995	-1.24026418068794	0.600440298051464	-2.0655911748642	0.0388670984364388	1
protein_coding	INSIG1	ENSG00000186480	601.187529774424	-0.988953831447986	0.478852250571183	-2.06525881473533	0.0388985182143485	1
TEC	HEIH	ENSG00000278970	53.0939453994525	-0.780399734935023	0.378005473539905	-2.06451966852972	0.0389684710106083	1
protein_coding	EIF1AY	ENSG00000198692	31.473890080589	-0.625843519508207	0.303157341373909	-2.06441815550923	0.0389780865432581	1
protein_coding	AIF1	ENSG00000204472	123.895911784195	-1.03578123465134	0.501781866233528	-2.06420619068224	0.0389981708074002	1
protein_coding	FPR2	ENSG00000171049	6.35566296103898	-1.27767984273251	0.619003962777396	-2.06408992440002	0.0390091910976769	1
misc_RNA	RN7SL674P	ENSG00000239899	27845.7488379213	0.839880002929782	0.407185511272621	2.06264707284111	0.0391461719063131	1
protein_coding	SEMA6D	ENSG00000137872	30.3743038073433	1.25650661895315	0.609339558372175	2.06207951164348	0.0392001666173064	1
protein_coding	HES7	ENSG00000179111	10.7107135750507	1.07963931838806	0.523601369279337	2.06194899733366	0.0392125919845876	1
protein_coding	HMGN3	ENSG00000118418	195.428813050725	-0.419229077363488	0.203331921842682	-2.0617966601813	0.0392270991840605	1
lincRNA	LINC01480	ENSG00000270164	0.731422347779138	1.22505054968111	0.594987843599937	2.05895055312227	0.0394989755533922	1
ENSG00000206706	Y_RNA	ENSG00000206706	1.87838303902287	-1.25334793790061	0.608833222311895	-2.05860635058864	0.0395319639061057	1
ENSG00000206927	Y_RNA	ENSG00000206927	1.87838303902287	-1.25334793790061	0.608833222311895	-2.05860635058864	0.0395319639061057	1
processed_pseudogene	RCC2P6	ENSG00000254454	5.94510289769976	-1.17737123180865	0.571969365721575	-2.05845155766921	0.0395468068729973	1
processed_pseudogene	RP13-15M17.1	ENSG00000231181	11.2548971365611	-1.14554308213906	0.556822031241768	-2.05728763925592	0.0396585656444291	1
processed_pseudogene	RP11-3D23.1	ENSG00000236852	1.25319541136462	-1.25533715321783	0.610202043472976	-2.0572483600236	0.0396623418843169	1
protein_coding	RPL35A	ENSG00000182899	543.212374717507	0.496772794323681	0.24170520052622	2.0552838467776	0.0398515965989364	1
processed_pseudogene	NPM1P39	ENSG00000225159	50.3260248258751	-0.881453821172598	0.428921776371642	-2.05504562773436	0.0398745978407533	1
misc_RNA	RN7SL385P	ENSG00000241333	27.4452820088609	-1.04805202232093	0.51037867366959	-2.05347926233968	0.0400261189665242	1
ENSG00000207294	Y_RNA	ENSG00000207294	1.90076996877594	-1.24992492299272	0.608706137948825	-2.05341271439224	0.0400325672317426	1
snRNA	RNU1-14P	ENSG00000199629	1.63497130750699	1.26887560653998	0.617945572188827	2.05337761713462	0.0400359683891621	1
processed_pseudogene	RP11-600F24.1	ENSG00000243904	5.03421665433805	1.20048693726708	0.58490815110547	2.0524366688995	0.0401272439456711	1
protein_coding	PUS10	ENSG00000162927	40.0915640809106	0.824718381768103	0.402352289376024	2.04974198866146	0.0403896152589096	1
antisense	AC092687.5	ENSG00000234818	0.800564648997169	1.22111218580192	0.595921601706797	2.049115491542	0.040450823007705	1
protein_coding	DSE	ENSG00000111817	208.939753134615	-0.938942709803452	0.458559258815653	-2.04759295936694	0.0405998998021248	1
processed_pseudogene	RPL4P3	ENSG00000230364	42.8944205296933	0.84075449093877	0.410688580808982	2.04718253739277	0.040640165349898	1
protein_coding	DUSP28	ENSG00000188542	12.1951915310125	0.756515564881582	0.369573632932538	2.04699550365292	0.0406585260212517	1
protein_coding	SCYL1	ENSG00000142186	84.4254357108713	-0.548231354115263	0.267860023254326	-2.04670837945359	0.0406867260245643	1
transcribed_processed_pseudogene	EPS15P1	ENSG00000242948	2.27162534485343	1.1742056221948	0.574179227464516	2.04501585224514	0.0408532952863466	1
processed_pseudogene	DYNC1I2P1	ENSG00000225137	43.7320545723595	-0.642094282162128	0.314043933179566	-2.04460017953917	0.0408942917965231	1
protein_coding	MYCBP2	ENSG00000005810	434.323467072892	0.882839755308574	0.431806420588197	2.0445266981116	0.0409015426668635	1
processed_pseudogene	RP11-480I12.2	ENSG00000235449	117.50227436513	1.17599581188884	0.576069526983197	2.04141298368511	0.0412097949922606	1
protein_coding	EDC4	ENSG00000038358	63.9115359769706	-0.67109448117771	0.328742506479968	-2.04139856559317	0.0412112269229722	1
protein_coding	POR	ENSG00000127948	113.397234569362	-0.823326346894363	0.403342877149523	-2.04125669136125	0.0412253193897151	1
protein_coding	PICALM	ENSG00000073921	229.450578892141	0.516487364726379	0.253033752153902	2.04117972535236	0.041232966184996	1
processed_pseudogene	COX7CP1	ENSG00000235957	186.399679722904	1.17147058581557	0.574233233965767	2.04006058257055	0.0413442920703396	1
protein_coding	CXCL17	ENSG00000189377	0.752065932136373	1.21963125854684	0.59821332130191	2.03878986829067	0.0414710039292512	1
antisense	C5orf66	ENSG00000224186	2.94158676156166	1.14709791860514	0.562639215565488	2.03878060197463	0.0414719291452319	1
snoRNA	SNORD101	ENSG00000206754	610.154461554566	0.885047353725655	0.43411821571083	2.03872429604565	0.0414775515120302	1
processed_pseudogene	AD000092.3	ENSG00000240616	46.6785392658712	-0.771092829030761	0.378504560859774	-2.03720881798418	0.0416291205664187	1
protein_coding	MTA2	ENSG00000149480	171.776933171403	-0.598782849512571	0.294000024901498	-2.03667618638192	0.0416825024437969	1
protein_coding	C5AR1	ENSG00000197405	136.322396431238	-0.95533520638655	0.469303670653298	-2.03564401074611	0.0417861150428394	1
protein_coding	PCDHAC2	ENSG00000243232	8.48037810052416	-1.01410225994821	0.498526999589911	-2.03419726671256	0.0419317100341344	1
protein_coding	MPC1	ENSG00000060762	46.9928293731784	0.605154207682557	0.297513716070544	2.03403801234854	0.0419477630070789	1
processed_pseudogene	VTI1BP4	ENSG00000227759	1.17022309963653	1.25385982639347	0.616727540948669	2.03308550882087	0.0420438847803681	1
protein_coding	LRG1	ENSG00000171236	32.4825499174183	-0.895188627356949	0.440425920239683	-2.03255209609321	0.0420977954286969	1
protein_coding	GNG5	ENSG00000174021	54.4475712104856	0.743575120858406	0.365839338073544	2.03251822172531	0.0421012209980098	1
protein_coding	DHX38	ENSG00000140829	127.520948855157	-0.649802837951564	0.319796900311209	-2.03192350307089	0.0421614007723056	1
protein_coding	TYROBP	ENSG00000011600	247.41489380058	-0.499332789067051	0.245929891990205	-2.03038672942994	0.0423172445158285	1
processed_pseudogene	PDCL3P5	ENSG00000213089	0.572659512257233	1.18440219034878	0.583722225645002	2.02905104228306	0.0424530917065841	1
antisense	RP11-98I9.4	ENSG00000228506	8.97368247780224	0.948082315381765	0.467620170632272	2.02746240415562	0.0426151455605251	1
protein_coding	CXCL12	ENSG00000107562	2.5825692744006	-1.25546428584036	0.619352333530823	-2.0270599106056	0.0426562860935355	1
processed_pseudogene	PSMC1P9	ENSG00000255993	24.004043608916	-0.849248085200621	0.419195353557395	-2.02590052106659	0.0427749798469045	1
antisense	ALG13-AS1	ENSG00000229487	1.13668421448754	1.25245626674758	0.618454049571534	2.02514037641969	0.0428529519350193	1
protein_coding	TAF9B	ENSG00000187325	27.9741745263036	0.67697071015002	0.334309767294517	2.02498035169169	0.0428693818254781	1
snoRNA	SNORD115-30	ENSG00000200987	5.93368907872338	1.19814982818562	0.591742149500566	2.0247836480752	0.0428895848678735	1
protein_coding	RPL37	ENSG00000145592	942.9187829458	0.622223392917198	0.307613208123286	2.02274602158117	0.0430993394216672	1
protein_coding	IFT57	ENSG00000114446	28.672900441467	-0.779855424168841	0.385770950444488	-2.02155041293359	0.0432228192473941	1
processed_pseudogene	RP11-478C6.4	ENSG00000250321	72.742432269372	0.846482963754217	0.418847565371921	2.02098098147609	0.0432817338863997	1
protein_coding	REST	ENSG00000084093	144.322851398761	0.553928481342857	0.274202364052306	2.02014480530588	0.0433683694897221	1
ENSG00000274210	U1	ENSG00000274210	186.816194221803	1.07341210897068	0.531439388715208	2.01982038171037	0.0434020222094642	1
misc_RNA	RN7SL753P	ENSG00000264275	2.97016863077309	-1.13239984218161	0.560952265246614	-2.01870981247177	0.0435173895184702	1
protein_coding	MFSD9	ENSG00000135953	9.92901005911747	0.957399768752133	0.474292858853586	2.01858356262471	0.0435305208918509	1
transcribed_unprocessed_pseudogene	HLA-L	ENSG00000243753	36.4805520171452	-0.872091144578281	0.432069051991468	-2.01840687399083	0.0435489040739642	1
ENSG00000282886	ENSG00000282886	ENSG00000282886	34.0129207601545	-1.10180244453404	0.545985230545378	-2.01800778279929	0.0435904507782351	1
antisense	RP11-354P11.8	ENSG00000266987	1.91014722416718	1.22695263278651	0.60836612513018	2.01679972323239	0.0437164178541217	1
snoRNA	SNORD115-15	ENSG00000201679	3.89284981450572	1.22028771032241	0.605156254039006	2.01648368033515	0.0437494230413735	1
processed_pseudogene	RP11-603J24.7	ENSG00000237493	6.44792805034636	0.957892587509099	0.475055244888648	2.01638145839991	0.0437601028485694	1
protein_coding	PPP3CA	ENSG00000138814	111.044134355058	0.851595772146158	0.422340616747572	2.01637194808366	0.0437610965666565	1
unprocessed_pseudogene	PPP1R12BP2	ENSG00000205936	1.30438423442503	-1.2453173335313	0.617651646235517	-2.01621308891719	0.043777698330656	1
protein_coding	MEPCE	ENSG00000146834	75.4373607506249	-0.528627968379379	0.262199322423355	-2.01613018482878	0.0437863644317765	1
lincRNA	RP11-1C8.6	ENSG00000266289	2.32328126171646	1.24401020620778	0.617201086453339	2.01556710367493	0.0438452625753975	1
protein_coding	ARHGEF28	ENSG00000214944	1.3492521872291	1.24578718771184	0.618083770236293	2.01556366256888	0.0438456227197634	1
protein_coding	RPS28	ENSG00000233927	267.11969082885	0.662744669621969	0.328817240420056	2.01554112179558	0.0438479818871163	1
protein_coding	FMN1	ENSG00000248905	20.619681275711	-1.18867274857502	0.589817016426357	-2.01532460995627	0.0438706479565109	1
snoRNA	SNORD41	ENSG00000209702	1265.2203212904	0.781505074361226	0.38842385387622	2.01199042376597	0.0442209464650093	1
snRNA	RNU4-2	ENSG00000202538	15255.4090731054	0.937757909024461	0.466178835702877	2.011584047162	0.0442638024390813	1
lincRNA	RP11-141M1.1	ENSG00000227911	1.65255847434644	1.24475809518319	0.618863332794417	2.0113618455348	0.0442872503674144	1
processed_pseudogene	RP11-314A20.1	ENSG00000213939	10.9183418074769	-0.977370353364577	0.486004138975864	-2.01103298301975	0.0443219729724746	1
misc_RNA	RN7SL278P	ENSG00000243365	1.36335886949768	-1.21982768490882	0.606578364555562	-2.01099768173001	0.0443257015873355	1
protein_coding	PTPN12	ENSG00000127947	281.454926431289	0.62835256711535	0.312519907109565	2.01060013401021	0.0443677099000366	1
processed_pseudogene	RPS4XP2	ENSG00000226948	5.07812200813248	-1.20885825015672	0.601283029000578	-2.01046460959663	0.0443820382521376	1
protein_coding	TAF1D	ENSG00000166012	194.048550161819	0.663141977887951	0.329912954258348	2.01005134635804	0.0444257547200615	1
processed_pseudogene	SETP14	ENSG00000240489	44.3633247695773	-0.655535712068995	0.326177025486886	-2.00975439974803	0.0444571892270226	1
processed_pseudogene	SLC4A1APP1	ENSG00000232060	25.5571784072916	-1.16267030516091	0.578790911803642	-2.00879157127358	0.0445592425121023	1
processed_pseudogene	RP11-831F12.3	ENSG00000259155	0.762581412634255	1.20447298260631	0.600168373354438	2.00689179250535	0.0447611859633843	1
protein_coding	AC007326.1	ENSG00000279560	0.644613630722716	1.12767830861468	0.562044358089507	2.00638667105898	0.0448150092959788	1
protein_coding	CENPN	ENSG00000166451	44.6545035829231	-0.849603404718823	0.423689225453532	-2.00525138162146	0.0449361795645754	1
protein_coding	YWHAH	ENSG00000128245	186.786779939887	-0.625514476435645	0.312189677417041	-2.00363599979011	0.0451090665913327	1
processed_pseudogene	CHCHD3P3	ENSG00000214973	17.1545071782845	-0.806842494585999	0.402738105902653	-2.00339248449717	0.0451351775145494	1
misc_RNA	RN7SL381P	ENSG00000263968	92.3292872089141	-1.16736152367565	0.582787052759307	-2.00306701761574	0.045170095591265	1
processed_pseudogene	BCLAF1P1	ENSG00000248966	42.2679112666146	-0.92353261222866	0.461263650780226	-2.00217947082218	0.0452654327894876	1
protein_coding	DYNLL1	ENSG00000088986	317.439304124837	0.596093260700928	0.297933912204227	2.0007566654323	0.0454186195011919	1
protein_coding	OASL	ENSG00000135114	11.8105615738729	-0.985127162569875	0.492396742915454	-2.00067765829845	0.0454271386141069	1
protein_coding	TMEM119	ENSG00000183160	12.1879044608792	-1.17930960209665	0.589524873638233	-2.0004407868638	0.0454526878542689	1
protein_coding	PSMC1	ENSG00000100764	66.9931365681515	-0.592330268893533	0.296167991432197	-1.99998070699391	0.0455023472326434	1
processed_pseudogene	RP11-889L3.1	ENSG00000218227	107.69612631851	-0.766977127737226	0.383586155445889	-1.99949116215019	0.0455552371563367	1
protein_coding	MT2A	ENSG00000125148	42.6223137655545	1.16174123640568	0.58110086759135	1.99920754071676	0.0455859030202392	1
lincRNA	RP11-469J4.3	ENSG00000242578	1.78845706601619	-1.22752365951623	0.614276123954899	-1.99832552763578	0.045681379678578	1
protein_coding	P4HB	ENSG00000185624	494.30146995695	-0.635895150270834	0.318274183148902	-1.99794763112576	0.0457223379650363	1
sense_intronic	RP11-705C15.3	ENSG00000257027	22.7617184942587	1.08049840629747	0.541245143106845	1.99631981932477	0.04589912209042	1
lincRNA	KB-1410C5.5	ENSG00000271882	4.5529200032497	1.14937505442876	0.575794666159897	1.99615439666052	0.0459171195597489	1
protein_coding	SAP30BP	ENSG00000161526	150.294926898385	-0.936415289743376	0.469627757242933	-1.99395217872307	0.0461572808461021	1
processed_pseudogene	EIF4A1P6	ENSG00000236608	5.45133516426778	-1.10600279225494	0.555026416443726	-1.99270297680881	0.0462939812341412	1
misc_RNA	RN7SL479P	ENSG00000239560	1.53425368992846	-1.23059256913597	0.617791834670221	-1.99192106479178	0.0463797193386003	1
protein_coding	SP4	ENSG00000105866	13.5689221237128	0.787142119820424	0.395191088049465	1.99180129214326	0.0463928644314553	1
processed_pseudogene	SNRPGP2	ENSG00000264350	15.3591564129201	0.941122987238919	0.472665563916199	1.99109700195078	0.0464702240045315	1
snoRNA	SNORD88A	ENSG00000221241	2731.3363713404	0.977853029900653	0.491120986105762	1.99106341933039	0.0464739154463839	1
protein_coding	MT-ND3	ENSG00000198840	344.047448877932	0.996249596777107	0.500503603202821	1.99049435488958	0.0465365052309612	1
processed_pseudogene	GS1-309P15.4	ENSG00000238247	18.7554892442401	-1.06577739415125	0.535490050432658	-1.99028421403935	0.0465596359583176	1
processed_pseudogene	FABP5P7	ENSG00000234964	273.754464920377	-0.918504231503465	0.461628999760372	-1.98970218937773	0.0466237513874116	1
protein_coding	BCL2L11	ENSG00000153094	44.8447376668072	0.97261307998936	0.48882820295773	1.98968282538613	0.0466258857877792	1
protein_coding	TM2D2	ENSG00000169490	60.4030434278513	-0.533557848784258	0.268183223378826	-1.98952731666803	0.0466430297537973	1
lincRNA	RP11-358B23.1	ENSG00000267658	3.0512196926324	-1.22938550422452	0.618989549795535	-1.98611673594588	0.0470203633735723	1
snoRNA	SNORD7	ENSG00000207297	16.6128503533765	0.970644794865681	0.488724145994858	1.98607906488806	0.047024545451836	1
protein_coding	CCT5	ENSG00000150753	357.217968718216	-0.468256350995995	0.235805602474651	-1.98577279793992	0.0470585575012894	1
processed_pseudogene	RP11-18M17.1	ENSG00000173966	4.19575945738778	-1.17050858012445	0.589717845178328	-1.9848620652992	0.0471598199321266	1
snoRNA	SNORA60	ENSG00000199266	8.40919829984261	1.20673641829925	0.608123574633135	1.98436052907049	0.0472156628953392	1
protein_coding	DNASE1L2	ENSG00000167968	3.2915341107894	1.06666028902733	0.537587764150951	1.98416028071618	0.0472379748438542	1
Mt_tRNA	MT-TA	ENSG00000210127	214.300189032254	0.927118817996397	0.467335661173078	1.98383922953621	0.0472737653152322	1
processed_pseudogene	AC008694.2	ENSG00000254336	36.5598118485908	1.04980991866903	0.529434478221276	1.98288921831468	0.0473798052463647	1
transcribed_unprocessed_pseudogene	GOLGA2P7	ENSG00000225151	25.1080546897174	-1.17478752010605	0.592536702632772	-1.98264093158485	0.0474075518719052	1
protein_coding	C19orf53	ENSG00000104979	138.503077027293	-0.692351417761135	0.3492216444317	-1.98255586044164	0.0474170619142915	1
protein_coding	LCP2	ENSG00000043462	109.110496098916	1.12217306432139	0.566153110893883	1.98210173666559	0.0474678552284618	1
protein_coding	PDIA3	ENSG00000167004	353.706704463328	-0.583821506050064	0.294560457365864	-1.98200909677743	0.0474782225284161	1
protein_coding	NDUFS5	ENSG00000168653	265.383385811143	-0.615016839927146	0.31050861059662	-1.98067563648375	0.0476276606858162	1
processed_pseudogene	RNASEH1P1	ENSG00000265790	0.859498760167401	1.21142625983562	0.611639475483928	1.98062144186678	0.0476337425175072	1
protein_coding	ACIN1	ENSG00000100813	585.386043715054	-0.681182504625274	0.344070983467754	-1.97977317866188	0.0477290214777099	1
protein_coding	SOCS5	ENSG00000171150	27.6507310657276	0.655509698750752	0.331232615197288	1.9790010665475	0.0478158861828281	1
ENSG00000282961	ENSG00000282961	ENSG00000282961	10.0331465148529	0.989792234610307	0.500374382819669	1.97810333341349	0.0479170506102303	1
protein_coding	MVP	ENSG00000013364	78.903444850039	-0.381737237184558	0.193007812146621	-1.97783308840663	0.0479475393831517	1
processed_pseudogene	RP11-203F10.6	ENSG00000219133	39.4572024979181	-0.728629932345123	0.368678048648649	-1.97633120554869	0.0481172775154817	1
antisense	CTD-2531D15.4	ENSG00000255446	0.814225998948814	-1.1992085669455	0.607042190745944	-1.97549459531288	0.0482120473474991	1
protein_coding	TACO1	ENSG00000136463	19.0870550853393	-0.723200331464411	0.366111031493048	-1.97535793585653	0.0482275427953766	1
protein_coding	RNASE7	ENSG00000165799	0.823297086953033	-1.21025598501734	0.613278619987689	-1.97341949576138	0.0484477882339773	1
processed_pseudogene	RPL4P2	ENSG00000232341	39.6070456620644	0.804415739178704	0.40763452584982	1.97337489385054	0.0484528658258351	1
protein_coding	POLR3GL	ENSG00000121851	25.9407877400948	-0.954363046081497	0.483634468544198	-1.97331478245182	0.0484597097632314	1
protein_coding	TMUB1	ENSG00000164897	13.0911810514948	-0.739410350950489	0.374794725268558	-1.97284086754601	0.0485136954204737	1
processed_pseudogene	RP11-701I24.1	ENSG00000255291	0.944299842588792	-1.20810876863604	0.613507651808796	-1.9691828864305	0.0489320933702486	1
protein_coding	KIAA0922	ENSG00000121210	48.8304239093363	1.00521955968126	0.511094039055959	1.96679961585544	0.0492063168955357	1
protein_coding	CDADC1	ENSG00000102543	10.7787969209005	0.798757496108132	0.406350822837112	1.96568445593703	0.0493350714640085	1
processed_pseudogene	RP11-730G20.2	ENSG00000253341	14.6226057099125	0.760515537444634	0.386973941200417	1.96528876100925	0.0493808256549108	1
misc_RNA	RN7SL291P	ENSG00000242065	4.57796567007988	-1.16458972056251	0.592689954913959	-1.96492231883966	0.0494232290948541	1
protein_coding	PIH1D1	ENSG00000104872	55.0550175220361	-0.420797507559601	0.214402899962253	-1.96264839530476	0.049687043236521	1
processed_pseudogene	RP11-90H3.1	ENSG00000232952	29.6316532614552	-0.79265988900919	0.404069806902519	-1.96169046899468	0.0497985321517	1
processed_pseudogene	RP11-564A8.4	ENSG00000226945	5.12355765942797	-1.01974815239425	0.519872187497262	-1.96153627164296	0.0498164981040314	1
processed_pseudogene	HNRNPKP2	ENSG00000227347	32.938723795786	-0.607332481530359	0.309640175336901	-1.96141369856013	0.0498307833040433	1
protein_coding	POMP	ENSG00000132963	76.8768722790416	0.603117197679421	0.307623494939877	1.96056935702293	0.0499292798935732	1
